-- MySQL dump 10.13  Distrib 5.5.24, for Win64 (x86)
--
-- Host: localhost    Database: banco_jogo
-- ------------------------------------------------------
-- Server version	5.5.24

/*!40101 SET @OLD_CHARACTER_SET_CLIENT=@@CHARACTER_SET_CLIENT */;
/*!40101 SET @OLD_CHARACTER_SET_RESULTS=@@CHARACTER_SET_RESULTS */;
/*!40101 SET @OLD_COLLATION_CONNECTION=@@COLLATION_CONNECTION */;
/*!40101 SET NAMES utf8 */;
/*!40103 SET @OLD_TIME_ZONE=@@TIME_ZONE */;
/*!40103 SET TIME_ZONE='+00:00' */;
/*!40014 SET @OLD_UNIQUE_CHECKS=@@UNIQUE_CHECKS, UNIQUE_CHECKS=0 */;
/*!40014 SET @OLD_FOREIGN_KEY_CHECKS=@@FOREIGN_KEY_CHECKS, FOREIGN_KEY_CHECKS=0 */;
/*!40101 SET @OLD_SQL_MODE=@@SQL_MODE, SQL_MODE='NO_AUTO_VALUE_ON_ZERO' */;
/*!40111 SET @OLD_SQL_NOTES=@@SQL_NOTES, SQL_NOTES=0 */;

--
-- Table structure for table `acessos_online`
--

DROP TABLE IF EXISTS `acessos_online`;
/*!40101 SET @saved_cs_client     = @@character_set_client */;
/*!40101 SET character_set_client = utf8 */;
CREATE TABLE `acessos_online` (
  `ip` varchar(255) COLLATE utf8_unicode_ci NOT NULL DEFAULT '',
  `TIME` int(12) NOT NULL DEFAULT '0',
  `id` int(11) NOT NULL
) ENGINE=InnoDB DEFAULT CHARSET=utf8 COLLATE=utf8_unicode_ci;
/*!40101 SET character_set_client = @saved_cs_client */;

--
-- Dumping data for table `acessos_online`
--

LOCK TABLES `acessos_online` WRITE;
/*!40000 ALTER TABLE `acessos_online` DISABLE KEYS */;
/*!40000 ALTER TABLE `acessos_online` ENABLE KEYS */;
UNLOCK TABLES;

--
-- Table structure for table `chat`
--

DROP TABLE IF EXISTS `chat`;
/*!40101 SET @saved_cs_client     = @@character_set_client */;
/*!40101 SET character_set_client = utf8 */;
CREATE TABLE `chat` (
  `id` int(10) unsigned NOT NULL AUTO_INCREMENT,
  `from` varchar(255) COLLATE utf8_unicode_ci NOT NULL DEFAULT '',
  `to` varchar(255) COLLATE utf8_unicode_ci NOT NULL DEFAULT '',
  `message` text COLLATE utf8_unicode_ci NOT NULL,
  `sent` datetime NOT NULL DEFAULT '0000-00-00 00:00:00',
  `recd` int(10) unsigned NOT NULL DEFAULT '0',
  PRIMARY KEY (`id`)
) ENGINE=InnoDB DEFAULT CHARSET=utf8 COLLATE=utf8_unicode_ci;
/*!40101 SET character_set_client = @saved_cs_client */;

--
-- Dumping data for table `chat`
--

LOCK TABLES `chat` WRITE;
/*!40000 ALTER TABLE `chat` DISABLE KEYS */;
/*!40000 ALTER TABLE `chat` ENABLE KEYS */;
UNLOCK TABLES;

--
-- Table structure for table `denunciar`
--

DROP TABLE IF EXISTS `denunciar`;
/*!40101 SET @saved_cs_client     = @@character_set_client */;
/*!40101 SET character_set_client = utf8 */;
CREATE TABLE `denunciar` (
  `id` int(11) NOT NULL AUTO_INCREMENT,
  `id_topic` int(11) NOT NULL,
  `id_resp` int(11) NOT NULL,
  `denunciante` int(11) NOT NULL,
  PRIMARY KEY (`id`)
) ENGINE=InnoDB DEFAULT CHARSET=utf8 COLLATE=utf8_unicode_ci;
/*!40101 SET character_set_client = @saved_cs_client */;

--
-- Dumping data for table `denunciar`
--

LOCK TABLES `denunciar` WRITE;
/*!40000 ALTER TABLE `denunciar` DISABLE KEYS */;
/*!40000 ALTER TABLE `denunciar` ENABLE KEYS */;
UNLOCK TABLES;

--
-- Table structure for table `disciplina`
--

DROP TABLE IF EXISTS `disciplina`;
/*!40101 SET @saved_cs_client     = @@character_set_client */;
/*!40101 SET character_set_client = utf8 */;
CREATE TABLE `disciplina` (
  `iddisciplina` int(11) NOT NULL AUTO_INCREMENT,
  `nome` varchar(200) DEFAULT NULL,
  PRIMARY KEY (`iddisciplina`)
) ENGINE=InnoDB AUTO_INCREMENT=10 DEFAULT CHARSET=utf8;
/*!40101 SET character_set_client = @saved_cs_client */;

--
-- Dumping data for table `disciplina`
--

LOCK TABLES `disciplina` WRITE;
/*!40000 ALTER TABLE `disciplina` DISABLE KEYS */;
INSERT INTO `disciplina` VALUES (1,'Biblia'),(6,'Futebol'),(7,'Matemática'),(8,'Inglês'),(9,'Português');
/*!40000 ALTER TABLE `disciplina` ENABLE KEYS */;
UNLOCK TABLES;

--
-- Table structure for table `jogador`
--

DROP TABLE IF EXISTS `jogador`;
/*!40101 SET @saved_cs_client     = @@character_set_client */;
/*!40101 SET character_set_client = utf8 */;
CREATE TABLE `jogador` (
  `idjogador` int(11) NOT NULL AUTO_INCREMENT,
  `login` varchar(100) DEFAULT NULL,
  `senha` varchar(100) DEFAULT NULL,
  `nome` varchar(100) DEFAULT NULL,
  `admin` int(11) NOT NULL,
  `sexo` varchar(15) NOT NULL,
  `data` varchar(15) NOT NULL,
  `image` varchar(50) NOT NULL,
  PRIMARY KEY (`idjogador`)
) ENGINE=InnoDB AUTO_INCREMENT=23 DEFAULT CHARSET=utf8;
/*!40101 SET character_set_client = @saved_cs_client */;

--
-- Dumping data for table `jogador`
--

LOCK TABLES `jogador` WRITE;
/*!40000 ALTER TABLE `jogador` DISABLE KEYS */;
INSERT INTO `jogador` VALUES (1,'titogrego@gmail.com','cf9ee5bcb36b4936dd7064ee9b2f139e','Tito Paulo da Silva Neto',1,'','','c51aad9c8b61dbeb31db0234686f5732.jpg'),(2,'leandrolt@algartecnologia.com.br','aa1bf4646de67fd9086cf6c79007026c','Leandro',1,'','','77fe52ffbf86e6a16a6b04e73a1937c2.jpg'),(3,'marcos@gmail.com','c5e3539121c4944f2bbe097b425ee774','Marcos',1,'','',''),(4,'teste@gmail.com','14271652c1472a36755cfc58cf26cf53','teste 1',0,'Masculino','01/02/2011',''),(5,'joao@algar.com.br','aa1bf4646de67fd9086cf6c79007026c','joao',0,'Masculino','12/10/1983',''),(6,'madatetalk@gmail.com','d413feb2ca017182312aa9389ea160a9','Marcos Costa de Cerqueira',0,'Masculino','21/08/1973',''),(7,'luishteixeira@gmail.com','cc82b1b168c2bd48d8397a61ca516422','Luis',0,'Masculino','22/03/1999',''),(8,'lucasgnuzinho@gmail.com','e73783eb40e9a16e6b31f53c56d64a15','zegrine lucas',0,'Masculino','26/12/2000',''),(9,'magalhaes290@gmail.com','49fdb49a6617f8cba3f855a0a5662019','Magalhaes',0,'Masculino','26/11/1970',''),(10,'magalhaes290@gmail.com','49fdb49a6617f8cba3f855a0a5662019','magalhaes',0,'Masculino','26/11/1970',''),(11,'magalhaes290@gmail.com.br','49fdb49a6617f8cba3f855a0a5662019','Magalhaes',0,'Masculino','26/11/1970',''),(12,'Ricardinhouai@terra.com.br','535649b032069346b35d260a6b086bc0','Ricardinho',0,'Masculino','20/11/1958',''),(13,'Ricardinhouai@terra.com.br','535649b032069346b35d260a6b086bc0','Ricardinho',0,'Masculino','20/11/1958',''),(14,'madate@hotmail.com','d413feb2ca017182312aa9389ea160a9','Daniel Zegrine',0,'Masculino','10/10/2005',''),(15,'veniltonjr@hotmail.com','c0ed023f88b41c6c2393885f6ed73ef2','VeniltonJr',0,'Masculino','21/07/1979',''),(16,'paulo.ribeiro@fiat.com.br','42d03463cdd8b07b7fe2f377735777e0','paulo sérgio rocha ribeiro',0,'Masculino','17/09/1973',''),(17,'abelfidelis@gmail.com.br','83f948216ff912389efec6bc9ffe761c','abel',0,'Masculino','19/06/1983',''),(18,'renatobasttos@hotmail.com','562bc3e6a720535e61441ba6ab5c55ae','Renato de Oliveira Bastos',0,'Masculino','25/05/1979',''),(19,'marcioibga@gmail.com','3aacde4db0528e13baaa2a1262cc77d2','MARCIO COSTA',0,'Masculino','15/03/1976',''),(20,'aderman.jr@gmail.com','d89db37dfeaf912dfa72bb678e020aec','Aderman',0,'Masculino','27/10/1979',''),(21,'giulmoreira@yahoo.com.br','9d6485da106406474d6d6689529b955d','Giulliano Leandro Moreira',0,'Masculino','19/01/1979',''),(22,'lucasgnuzinho@hotmail.com','cbb2d150535a4b61b123d08319f40177','lucaszegrine',0,'Masculino','26/12/2000','');
/*!40000 ALTER TABLE `jogador` ENABLE KEYS */;
UNLOCK TABLES;

--
-- Table structure for table `jogador_jogando`
--

DROP TABLE IF EXISTS `jogador_jogando`;
/*!40101 SET @saved_cs_client     = @@character_set_client */;
/*!40101 SET character_set_client = utf8 */;
CREATE TABLE `jogador_jogando` (
  `id` int(11) NOT NULL AUTO_INCREMENT,
  `jogador_idjogador` int(11) NOT NULL,
  `jogo_idjogo` int(11) NOT NULL,
  `linha` int(11) DEFAULT NULL,
  `coluna` int(11) DEFAULT NULL,
  `tempo_total` int(11) DEFAULT NULL,
  `tempo_inicial` int(11) DEFAULT NULL,
  `score` int(11) DEFAULT NULL,
  `finalizado` int(11) DEFAULT NULL,
  `bonus` int(11) NOT NULL,
  `certo` int(11) NOT NULL,
  `errado` int(11) NOT NULL,
  `indiferente` int(11) NOT NULL,
  `sem_resposta` int(11) NOT NULL,
  `nivel` int(11) NOT NULL,
  PRIMARY KEY (`id`),
  KEY `fk_jogador_has_jogo_jogo1` (`jogo_idjogo`),
  KEY `fk_jogador_has_jogo_jogador` (`jogador_idjogador`),
  CONSTRAINT `fk_jogador_has_jogo_jogador` FOREIGN KEY (`jogador_idjogador`) REFERENCES `jogador` (`idjogador`) ON DELETE NO ACTION ON UPDATE NO ACTION,
  CONSTRAINT `fk_jogador_has_jogo_jogo1` FOREIGN KEY (`jogo_idjogo`) REFERENCES `jogo` (`idjogo`) ON DELETE NO ACTION ON UPDATE NO ACTION
) ENGINE=InnoDB AUTO_INCREMENT=166 DEFAULT CHARSET=utf8;
/*!40101 SET character_set_client = @saved_cs_client */;

--
-- Dumping data for table `jogador_jogando`
--

LOCK TABLES `jogador_jogando` WRITE;
/*!40000 ALTER TABLE `jogador_jogando` DISABLE KEYS */;
INSERT INTO `jogador_jogando` VALUES (22,1,1,25,7,1152,NULL,3500,0,26,25,0,0,0,3),(23,1,1,25,7,1152,NULL,3500,0,26,25,0,0,0,2),(24,1,2,4,5,303,NULL,230,1,6,32,23,18,0,3),(25,2,2,1,3,197,NULL,25,1,1,43,27,29,8,2),(26,3,2,25,7,597,NULL,3490,0,4,56,12,9,0,2),(27,3,2,25,1,209,NULL,1395,0,3,31,7,3,0,2),(28,3,2,25,1,209,NULL,1395,0,3,31,7,3,0,1),(29,3,2,25,1,234,NULL,1185,0,3,31,6,6,0,2),(30,3,2,25,7,133,NULL,2145,0,18,26,1,1,0,2),(31,3,2,25,4,197,NULL,1715,0,7,31,2,6,0,2),(32,3,2,25,4,197,NULL,1715,0,7,31,2,6,0,3),(33,2,2,1,3,197,NULL,25,1,1,43,27,29,8,1),(34,3,2,25,5,214,NULL,1435,0,3,29,5,5,1,2),(35,3,2,25,7,176,NULL,1065,0,4,29,5,4,0,2),(36,1,2,4,5,303,NULL,230,1,6,32,23,18,0,2),(37,3,2,25,7,157,NULL,1805,0,15,88,47,30,0,2),(38,3,2,25,7,143,NULL,1700,0,1,26,2,4,0,2),(39,1,1,25,7,1152,NULL,3500,0,26,25,0,0,0,1),(40,3,2,25,5,187,NULL,1250,0,2,44,7,14,0,2),(41,3,2,25,5,187,NULL,1250,0,2,44,7,14,0,1),(42,3,2,25,5,193,NULL,1190,0,2,29,5,7,0,2),(43,3,2,25,3,104,NULL,1880,0,16,26,1,1,0,2),(44,3,2,25,3,116,NULL,1995,0,18,25,1,4,0,2),(45,3,2,25,3,146,NULL,1630,0,10,27,3,6,0,2),(46,1,1,25,7,61,NULL,3240,0,25,24,0,0,0,3),(47,3,2,25,3,120,NULL,3030,0,24,24,0,1,0,2),(48,3,2,25,3,126,NULL,2990,0,23,33,0,3,0,2),(49,3,2,25,7,147,NULL,1545,0,4,27,3,2,0,2),(50,1,2,4,5,303,NULL,230,1,6,32,23,18,0,1),(51,1,1,25,6,67,NULL,4050,0,28,27,0,0,0,1),(52,1,1,25,7,26,NULL,3240,0,25,25,0,0,0,1),(53,1,1,25,7,111,NULL,3125,0,21,43,10,8,0,2),(54,3,2,25,7,156,NULL,1630,0,2,27,3,5,0,2),(55,3,2,25,3,112,NULL,1905,0,16,48,2,7,1,2),(56,3,2,25,3,108,NULL,3090,0,23,24,0,2,0,2),(57,4,2,1,3,51,NULL,165,1,2,10,2,9,11,3),(58,3,2,1,6,NULL,NULL,0,1,1,0,0,0,0,2),(59,4,2,1,3,51,NULL,165,1,2,10,2,9,11,1),(60,4,1,1,2,532,NULL,0,1,1,0,0,0,90,2),(61,2,1,11,4,297,NULL,620,1,2,21,8,2,0,3),(62,1,6,25,1,68,NULL,2630,0,4,26,1,1,0,0),(63,1,6,25,1,68,NULL,2630,0,4,26,1,1,0,3),(64,1,6,1,6,2132,NULL,240,1,6,16,1,1,5,2),(65,1,7,25,3,106,NULL,1600,0,4,28,4,3,0,2),(66,1,7,2,2,979,NULL,190,1,0,8,5,3,0,2),(67,1,1,4,7,2050,NULL,90,1,4,3,0,0,0,1),(68,1,7,2,2,979,NULL,190,1,0,8,5,3,0,1),(69,1,6,1,6,2132,NULL,240,1,6,16,0,1,5,1),(70,2,1,11,4,297,NULL,620,1,2,21,8,2,0,1),(71,6,2,11,4,53,NULL,600,1,9,10,0,2,0,1),(72,2,6,3,2,6,NULL,50,1,3,2,0,0,0,1),(73,6,2,11,4,53,NULL,600,1,9,10,0,2,0,3),(74,6,2,11,4,53,NULL,600,1,9,10,0,0,0,2),(75,2,1,11,4,297,NULL,620,1,2,21,8,2,0,2),(76,2,7,5,6,33,NULL,120,1,4,4,0,1,0,1),(77,1,1,NULL,NULL,21,NULL,5980,1,0,24,0,0,0,2),(78,1,1,NULL,NULL,25,NULL,6049,1,0,28,5,0,0,2),(79,1,7,NULL,NULL,90,NULL,3219,1,0,25,1,4,0,1),(80,6,2,NULL,NULL,147,NULL,1438,1,0,28,4,3,0,2),(81,6,2,NULL,NULL,97,NULL,3109,1,0,25,1,3,0,2),(82,6,2,NULL,NULL,166,NULL,2881,1,0,32,5,5,0,2),(83,6,2,NULL,NULL,94,NULL,3361,1,0,25,1,2,0,2),(84,1,6,NULL,NULL,42,NULL,5980,1,0,24,0,0,0,2),(85,6,2,NULL,NULL,115,NULL,3066,1,0,26,2,6,0,2),(86,2,6,NULL,NULL,40,NULL,3161,1,0,25,1,0,0,3),(87,2,6,NULL,NULL,48,NULL,3869,1,0,25,1,2,0,3),(88,1,7,NULL,NULL,109,NULL,3195,1,0,25,1,3,0,1),(89,2,2,NULL,NULL,391,NULL,312,1,0,77,54,59,0,1),(90,6,2,NULL,NULL,80,NULL,5303,1,0,24,0,2,0,2),(91,7,6,NULL,NULL,101,NULL,2635,1,0,27,2,1,0,1),(92,2,6,NULL,NULL,41,NULL,5660,1,0,24,0,0,0,3),(93,2,7,NULL,NULL,116,NULL,3393,1,0,28,4,6,0,2),(94,2,7,NULL,NULL,97,NULL,1636,1,0,27,3,5,0,1),(95,6,2,NULL,NULL,84,NULL,3144,1,0,25,1,2,0,2),(96,8,6,NULL,NULL,97,NULL,5856,1,0,24,0,1,0,1),(97,8,6,NULL,NULL,145,NULL,2145,1,0,27,3,5,0,2),(98,6,2,NULL,NULL,123,NULL,1061,1,0,30,6,5,0,2),(99,6,7,NULL,NULL,153,NULL,1840,1,0,28,4,11,0,2),(100,6,6,NULL,NULL,56,NULL,3316,1,0,25,1,1,0,2),(101,6,2,NULL,NULL,119,NULL,1295,1,0,28,4,6,0,2),(102,6,2,NULL,NULL,118,NULL,1884,1,0,27,3,3,0,2),(103,1,7,NULL,NULL,141,NULL,1682,1,0,28,4,10,0,1),(104,6,2,NULL,NULL,130,NULL,2110,1,0,26,2,3,0,1),(105,14,6,NULL,NULL,264,NULL,2518,1,0,30,5,5,0,1),(106,14,2,NULL,NULL,290,NULL,521,1,0,36,12,12,0,1),(107,6,2,NULL,NULL,109,NULL,3111,1,0,25,1,0,0,2),(108,6,6,NULL,NULL,47,NULL,5980,1,0,24,0,0,0,2),(109,6,2,NULL,NULL,87,NULL,3059,1,0,25,1,2,0,1),(110,6,2,NULL,NULL,183,NULL,626,1,0,34,10,6,0,2),(111,6,2,NULL,NULL,113,NULL,2046,1,0,27,3,2,0,1),(112,6,2,NULL,NULL,85,NULL,3536,1,0,25,1,0,0,1),(113,15,6,NULL,NULL,69,NULL,2818,1,0,25,1,1,0,3),(114,6,2,NULL,NULL,94,NULL,3717,1,0,25,1,2,0,1),(115,6,2,NULL,NULL,155,NULL,1782,1,0,27,3,4,0,1),(116,6,6,NULL,NULL,53,NULL,5980,1,0,24,0,0,0,2),(117,6,2,NULL,NULL,92,NULL,4100,1,0,25,1,1,0,1),(118,6,2,NULL,NULL,103,NULL,2655,1,0,26,2,2,0,2),(119,19,2,NULL,NULL,413,NULL,346,1,0,76,52,65,0,1),(120,20,7,NULL,NULL,150,NULL,2819,1,0,25,1,6,0,1),(121,6,2,NULL,NULL,107,NULL,3126,1,0,27,3,1,0,1),(122,6,2,NULL,NULL,144,NULL,1480,1,0,28,4,3,0,1),(123,22,6,NULL,NULL,71,NULL,5980,1,0,24,0,0,0,1),(124,22,6,NULL,NULL,117,NULL,2469,1,0,27,3,3,0,1),(125,22,6,NULL,NULL,113,NULL,3289,1,0,27,1,1,0,2),(126,6,6,NULL,NULL,45,NULL,5980,1,0,24,0,0,0,2),(127,6,7,NULL,NULL,190,NULL,978,1,0,33,9,12,0,1),(128,6,2,NULL,NULL,84,NULL,4858,1,0,24,0,3,0,2),(129,6,2,NULL,NULL,80,NULL,5688,1,0,24,0,1,0,1),(130,1,1,NULL,NULL,17,NULL,5980,1,0,24,0,0,0,2),(131,1,1,NULL,NULL,19,NULL,5980,1,0,24,0,0,0,2),(132,1,1,NULL,NULL,236,NULL,5981,1,0,24,0,1,0,2),(133,1,1,NULL,NULL,20,NULL,2893,1,0,26,2,0,0,2),(134,1,1,NULL,NULL,18,NULL,5980,1,0,24,0,0,0,2),(135,1,1,NULL,NULL,17,NULL,5980,1,0,24,0,0,0,2),(136,1,1,NULL,NULL,17,NULL,5980,1,0,24,0,0,0,2),(137,1,1,NULL,NULL,17,NULL,5980,1,0,24,0,0,0,2),(138,1,1,NULL,NULL,17,NULL,5980,1,0,24,0,0,0,2),(139,1,1,NULL,NULL,18,NULL,5980,1,0,24,0,0,0,2),(140,1,1,NULL,NULL,18,NULL,5980,1,0,24,0,0,0,2),(141,1,1,NULL,NULL,21,NULL,5980,1,0,24,0,0,0,2),(142,1,1,NULL,NULL,18,NULL,5980,1,0,24,0,0,0,2),(143,1,1,NULL,NULL,20,NULL,5980,1,0,24,0,0,0,2),(144,1,1,NULL,NULL,118,NULL,7280,1,0,34,0,0,0,2),(145,1,1,NULL,NULL,18,NULL,5980,1,0,24,0,0,0,2),(146,1,1,NULL,NULL,33,NULL,5980,1,0,24,0,0,0,2),(147,1,1,NULL,NULL,17,NULL,5980,1,0,24,0,0,0,2),(148,1,1,NULL,NULL,18,NULL,5980,1,0,24,0,0,0,2),(149,1,1,NULL,NULL,20,NULL,2985,1,0,26,2,0,0,2),(150,1,1,NULL,NULL,19,NULL,5980,1,0,24,0,0,0,2),(151,1,1,NULL,NULL,18,NULL,5980,1,0,24,0,0,0,2),(152,1,1,NULL,NULL,18,NULL,5919,1,0,24,0,1,0,2),(153,1,1,NULL,NULL,19,NULL,5980,1,0,24,0,0,0,2),(154,1,1,NULL,NULL,22,NULL,5980,1,0,24,0,0,0,2),(155,1,1,NULL,NULL,19,NULL,5980,1,0,24,0,0,0,2),(156,1,1,NULL,NULL,18,NULL,5980,1,0,24,0,0,0,2),(157,1,1,NULL,NULL,18,NULL,5980,1,0,24,0,0,0,2),(158,1,1,NULL,NULL,17,NULL,5980,1,0,24,0,0,0,2),(159,1,1,NULL,NULL,16,NULL,5980,1,0,24,0,0,0,2),(160,1,1,NULL,NULL,16,NULL,5980,1,0,24,0,0,0,2),(161,1,1,NULL,NULL,19,NULL,5980,1,0,24,0,0,0,2),(162,1,1,NULL,NULL,21,NULL,5980,1,0,24,0,0,0,2),(163,1,1,NULL,NULL,18,NULL,5980,1,0,24,0,0,0,2),(164,1,1,NULL,NULL,17,NULL,5980,1,0,24,0,0,0,2),(165,1,6,NULL,NULL,33,NULL,5980,1,0,24,0,0,0,2);
/*!40000 ALTER TABLE `jogador_jogando` ENABLE KEYS */;
UNLOCK TABLES;

--
-- Table structure for table `jogo`
--

DROP TABLE IF EXISTS `jogo`;
/*!40101 SET @saved_cs_client     = @@character_set_client */;
/*!40101 SET character_set_client = utf8 */;
CREATE TABLE `jogo` (
  `idjogo` int(11) NOT NULL AUTO_INCREMENT,
  `iddisciplina` int(11) NOT NULL,
  `nome` varchar(100) DEFAULT NULL,
  `ativo` int(11) NOT NULL,
  `facil` int(11) NOT NULL,
  `normal` int(11) NOT NULL,
  `dificil` int(11) NOT NULL,
  `status` varchar(10) NOT NULL,
  PRIMARY KEY (`idjogo`)
) ENGINE=InnoDB AUTO_INCREMENT=10 DEFAULT CHARSET=utf8;
/*!40101 SET character_set_client = @saved_cs_client */;

--
-- Dumping data for table `jogo`
--

LOCK TABLES `jogo` WRITE;
/*!40000 ALTER TABLE `jogo` DISABLE KEYS */;
INSERT INTO `jogo` VALUES (1,1,'Biblia-1',1,15,7,5,'Free'),(2,1,'Antigo Testamento',1,15,7,3,'Free'),(5,6,'Os Campeões',0,15,10,7,''),(6,7,'Tabuada-1',1,12,8,5,'Free'),(7,8,'Básico-1',1,12,7,5,'Logado'),(8,9,'Português-01',1,30,20,10,'Logado'),(9,7,'Adiçãoe Subtração',0,30,20,10,'');
/*!40000 ALTER TABLE `jogo` ENABLE KEYS */;
UNLOCK TABLES;

--
-- Table structure for table `perguntas`
--

DROP TABLE IF EXISTS `perguntas`;
/*!40101 SET @saved_cs_client     = @@character_set_client */;
/*!40101 SET character_set_client = utf8 */;
CREATE TABLE `perguntas` (
  `idperguntas` int(11) NOT NULL AUTO_INCREMENT,
  `pergunta` varchar(200) DEFAULT NULL,
  `certa` varchar(200) DEFAULT NULL,
  `errada` varchar(200) DEFAULT NULL,
  `indiferente` varchar(200) DEFAULT NULL,
  `linha` int(11) DEFAULT NULL,
  `coluna` int(11) DEFAULT NULL,
  `jogo_idjogo` int(11) NOT NULL,
  PRIMARY KEY (`idperguntas`),
  KEY `fk_perguntas_jogo1` (`jogo_idjogo`),
  CONSTRAINT `fk_perguntas_jogo1` FOREIGN KEY (`jogo_idjogo`) REFERENCES `jogo` (`idjogo`) ON DELETE NO ACTION ON UPDATE NO ACTION
) ENGINE=InnoDB AUTO_INCREMENT=4831 DEFAULT CHARSET=utf8;
/*!40101 SET character_set_client = @saved_cs_client */;

--
-- Dumping data for table `perguntas`
--

LOCK TABLES `perguntas` WRITE;
/*!40000 ALTER TABLE `perguntas` DISABLE KEYS */;
INSERT INTO `perguntas` VALUES (1,'Altera 5','CERTA','ERRADA','INDIFERENTE',24,1,1),(2,'PERGUNTA 1','CERTA','ERRADA','INDIFERENTE',24,2,1),(3,'PERGUNTA 2','CERTA','ERRADA','INDIFERENTE',24,3,1),(4,'PERGUNTA 3','CERTA','ERRADA','INDIFERENTE',24,4,1),(5,'PERGUNTA 4','CERTA','ERRADA','INDIFERENTE',24,5,1),(6,'PERGUNTA 5','CERTA','ERRADA','INDIFERENTE',24,6,1),(7,'PERGUNTA 6','CERTA','ERRADA','INDIFERENTE',24,7,1),(8,'PERGUNTA 7','CERTA','ERRADA','INDIFERENTE',23,1,1),(9,'PERGUNTA 8','CERTA','ERRADA','INDIFERENTE',23,2,1),(10,'PERGUNTA 9','CERTA','ERRADA','INDIFERENTE',23,3,1),(11,'PERGUNTA 10','CERTA','ERRADA','INDIFERENTE',23,4,1),(12,'PERGUNTA 11','CERTA','ERRADA','INDIFERENTE',23,5,1),(13,'PERGUNTA 12','CERTA','ERRADA','INDIFERENTE',23,6,1),(14,'PERGUNTA 13','CERTA','ERRADA','INDIFERENTE',23,7,1),(15,'PERGUNTA 14','CERTA','ERRADA','INDIFERENTE',22,1,1),(16,'PERGUNTA 15','CERTA','ERRADA','INDIFERENTE',22,2,1),(17,'PERGUNTA 16','CERTA','ERRADA','INDIFERENTE',22,3,1),(18,'PERGUNTA 17','CERTA','ERRADA','INDIFERENTE',22,4,1),(19,'PERGUNTA 18','CERTA','ERRADA','INDIFERENTE',22,5,1),(20,'PERGUNTA 19','CERTA','ERRADA','INDIFERENTE',22,6,1),(21,'PERGUNTA 20','CERTA','ERRADA','INDIFERENTE',22,7,1),(22,'PERGUNTA 21','CERTA','ERRADA','INDIFERENTE',21,1,1),(23,'PERGUNTA 22','CERTA','ERRADA','INDIFERENTE',21,2,1),(24,'PERGUNTA 23','CERTA','ERRADA','INDIFERENTE',21,3,1),(25,'PERGUNTA 24','CERTA','ERRADA','INDIFERENTE',21,4,1),(26,'PERGUNTA 25','CERTA','ERRADA','INDIFERENTE',21,5,1),(27,'PERGUNTA 26','CERTA','ERRADA','INDIFERENTE',21,6,1),(28,'PERGUNTA 27','CERTA','ERRADA','INDIFERENTE',21,7,1),(29,'PERGUNTA 28','CERTA','ERRADA','INDIFERENTE',20,1,1),(30,'PERGUNTA 29','CERTA','ERRADA','INDIFERENTE',20,2,1),(31,'PERGUNTA 30','CERTA','ERRADA','INDIFERENTE',20,3,1),(32,'PERGUNTA 31','CERTA','ERRADA','INDIFERENTE',20,4,1),(33,'PERGUNTA 32','CERTA','ERRADA','INDIFERENTE',20,5,1),(34,'PERGUNTA 33','CERTA','ERRADA','INDIFERENTE',20,6,1),(35,'PERGUNTA 34','CERTA','ERRADA','INDIFERENTE',20,7,1),(36,'PERGUNTA 35','CERTA','ERRADA','INDIFERENTE',19,1,1),(37,'PERGUNTA 36','CERTA','ERRADA','INDIFERENTE',19,2,1),(38,'PERGUNTA 37','CERTA','ERRADA','INDIFERENTE',19,3,1),(39,'PERGUNTA 38','CERTA','ERRADA','INDIFERENTE',19,4,1),(40,'PERGUNTA 39','CERTA','ERRADA','INDIFERENTE',19,5,1),(41,'PERGUNTA 40','CERTA','ERRADA','INDIFERENTE',19,6,1),(42,'PERGUNTA 41','CERTA','ERRADA','INDIFERENTE',19,7,1),(43,'PERGUNTA 42','CERTA','ERRADA','INDIFERENTE',18,1,1),(44,'PERGUNTA 43','CERTA','ERRADA','INDIFERENTE',18,2,1),(45,'PERGUNTA 44','CERTA','ERRADA','INDIFERENTE',18,3,1),(46,'PERGUNTA 45','CERTA','ERRADA','INDIFERENTE',18,4,1),(47,'PERGUNTA 46','CERTA','ERRADA','INDIFERENTE',18,5,1),(48,'PERGUNTA 47','CERTA','ERRADA','INDIFERENTE',18,6,1),(49,'PERGUNTA 48','CERTA','ERRADA','INDIFERENTE',18,7,1),(50,'PERGUNTA 49','CERTA','ERRADA','INDIFERENTE',17,1,1),(51,'PERGUNTA 50','CERTA','ERRADA','INDIFERENTE',17,2,1),(52,'PERGUNTA 51','CERTA','ERRADA','INDIFERENTE',17,3,1),(53,'PERGUNTA 52','CERTA','ERRADA','INDIFERENTE',17,4,1),(54,'PERGUNTA 53','CERTA','ERRADA','INDIFERENTE',17,5,1),(55,'PERGUNTA 54','CERTA','ERRADA','INDIFERENTE',17,6,1),(56,'PERGUNTA 55','CERTA','ERRADA','INDIFERENTE',17,7,1),(57,'PERGUNTA 56','CERTA','ERRADA','INDIFERENTE',16,1,1),(58,'PERGUNTA 57','CERTA','ERRADA','INDIFERENTE',16,2,1),(59,'PERGUNTA 58','CERTA','ERRADA','INDIFERENTE',16,3,1),(60,'PERGUNTA 59','CERTA','ERRADA','INDIFERENTE',16,4,1),(61,'PERGUNTA 60','CERTA','ERRADA','INDIFERENTE',16,5,1),(62,'PERGUNTA 61','CERTA','ERRADA','INDIFERENTE',16,6,1),(63,'PERGUNTA 62','CERTA','ERRADA','INDIFERENTE',16,7,1),(64,'PERGUNTA 63','CERTA','ERRADA','INDIFERENTE',15,1,1),(65,'PERGUNTA 64','CERTA','ERRADA','INDIFERENTE',15,2,1),(66,'teste de alteração','CERTA','ERRADA','INDIFERENTE',15,3,1),(67,'PERGUNTA 66','CERTA','ERRADA','INDIFERENTE',15,4,1),(68,'PERGUNTA 67','CERTA','ERRADA','INDIFERENTE',15,5,1),(69,'PERGUNTA 68','CERTA','ERRADA','INDIFERENTE',15,6,1),(70,'PERGUNTA 69','CERTA','ERRADA','INDIFERENTE',15,7,1),(71,'PERGUNTA 70','CERTA','ERRADA','INDIFERENTE',14,1,1),(72,'PERGUNTA 71','CERTA','ERRADA','INDIFERENTE',14,2,1),(73,'PERGUNTA 72','CERTA','ERRADA','INDIFERENTE',14,3,1),(74,'PERGUNTA 73','CERTA','ERRADA','INDIFERENTE',14,4,1),(75,'PERGUNTA 74','CERTA','ERRADA','INDIFERENTE',14,5,1),(76,'PERGUNTA 75','CERTA','ERRADA','INDIFERENTE',14,6,1),(77,'PERGUNTA 76','CERTA','ERRADA','INDIFERENTE',14,7,1),(78,'PERGUNTA 77','CERTA','ERRADA','INDIFERENTE',13,1,1),(79,'PERGUNTA 78','CERTA','ERRADA','INDIFERENTE',13,2,1),(80,'PERGUNTA 79','CERTA','ERRADA','INDIFERENTE',13,3,1),(81,'PERGUNTA 80','CERTA','ERRADA','INDIFERENTE',13,4,1),(82,'PERGUNTA 81','CERTA','ERRADA','INDIFERENTE',13,5,1),(83,'PERGUNTA 82','CERTA','ERRADA','INDIFERENTE',13,6,1),(84,'PERGUNTA 83','CERTA','ERRADA','INDIFERENTE',13,7,1),(85,'PERGUNTA 84','CERTA','ERRADA','INDIFERENTE',12,1,1),(86,'PERGUNTA 85','CERTA','ERRADA','INDIFERENTE',12,2,1),(87,'PERGUNTA 86','CERTA','ERRADA','INDIFERENTE',12,3,1),(88,'PERGUNTA 87','CERTA','ERRADA','INDIFERENTE',12,4,1),(89,'PERGUNTA 88','CERTA','ERRADA','INDIFERENTE',12,5,1),(90,'PERGUNTA 89','CERTA','ERRADA','INDIFERENTE',12,6,1),(91,'PERGUNTA 90','CERTA','ERRADA','INDIFERENTE',12,7,1),(92,'PERGUNTA 91','CERTA','ERRADA','INDIFERENTE',11,1,1),(93,'PERGUNTA 92','CERTA','ERRADA','INDIFERENTE',11,2,1),(94,'PERGUNTA 93','CERTA','ERRADA','INDIFERENTE',11,3,1),(95,'PERGUNTA 94','CERTA','ERRADA','INDIFERENTE',11,4,1),(96,'PERGUNTA 95','CERTA','ERRADA','INDIFERENTE',11,5,1),(97,'PERGUNTA 96','CERTA','ERRADA','INDIFERENTE',11,6,1),(98,'PERGUNTA 97','CERTA','ERRADA','INDIFERENTE',11,7,1),(99,'PERGUNTA 98','CERTA','ERRADA','INDIFERENTE',10,1,1),(100,'PERGUNTA 99','CERTA','ERRADA','INDIFERENTE',10,2,1),(101,'PERGUNTA 100','CERTA','ERRADA','INDIFERENTE',10,3,1),(102,'PERGUNTA 101','CERTA','ERRADA','INDIFERENTE',10,4,1),(103,'PERGUNTA 102','CERTA','ERRADA','INDIFERENTE',10,5,1),(104,'PERGUNTA 103','CERTA','ERRADA','INDIFERENTE',10,6,1),(105,'PERGUNTA 104','CERTA','ERRADA','INDIFERENTE',10,7,1),(106,'PERGUNTA 105','CERTA','ERRADA','INDIFERENTE',9,1,1),(107,'PERGUNTA 106','CERTA','ERRADA','INDIFERENTE',9,2,1),(108,'PERGUNTA 107','CERTA','ERRADA','INDIFERENTE',9,3,1),(109,'PERGUNTA 108','CERTA','ERRADA','INDIFERENTE',9,4,1),(110,'PERGUNTA 109','CERTA','ERRADA','INDIFERENTE',9,5,1),(111,'PERGUNTA 110','CERTA','ERRADA','INDIFERENTE',9,6,1),(112,'PERGUNTA 111','CERTA','ERRADA','INDIFERENTE',9,7,1),(113,'PERGUNTA 112','CERTA','ERRADA','INDIFERENTE',8,1,1),(114,'PERGUNTA 113','CERTA','ERRADA','INDIFERENTE',8,2,1),(115,'PERGUNTA 114','CERTA','ERRADA','INDIFERENTE',8,3,1),(116,'PERGUNTA 115','CERTA','ERRADA','INDIFERENTE',8,4,1),(117,'PERGUNTA 116','CERTA','ERRADA','INDIFERENTE',8,5,1),(118,'PERGUNTA 117','CERTA','ERRADA','INDIFERENTE',8,6,1),(119,'PERGUNTA 118','CERTA','ERRADA','INDIFERENTE',8,7,1),(120,'PERGUNTA 119','CERTA','ERRADA','INDIFERENTE',7,1,1),(121,'PERGUNTA 120','CERTA','ERRADA','INDIFERENTE',7,2,1),(122,'PERGUNTA 121','CERTA','ERRADA','INDIFERENTE',7,3,1),(123,'PERGUNTA 122','CERTA','ERRADA','INDIFERENTE',7,4,1),(124,'PERGUNTA 123','CERTA','ERRADA','INDIFERENTE',7,5,1),(125,'PERGUNTA 124','CERTA','ERRADA','INDIFERENTE',7,6,1),(126,'PERGUNTA 125','CERTA','ERRADA','INDIFERENTE',7,7,1),(127,'PERGUNTA 126','CERTA','ERRADA','INDIFERENTE',6,1,1),(128,'PERGUNTA 127','CERTA','ERRADA','INDIFERENTE',6,2,1),(129,'PERGUNTA 128','CERTA','ERRADA','INDIFERENTE',6,3,1),(130,'PERGUNTA 129','CERTA','ERRADA','INDIFERENTE',6,4,1),(131,'PERGUNTA 130','CERTA','ERRADA','INDIFERENTE',6,5,1),(132,'PERGUNTA 131','CERTA','ERRADA','INDIFERENTE',6,6,1),(133,'PERGUNTA 132','CERTA','ERRADA','INDIFERENTE',6,7,1),(134,'PERGUNTA 133','CERTA','ERRADA','INDIFERENTE',5,1,1),(135,'PERGUNTA 134','CERTA','ERRADA','INDIFERENTE',5,2,1),(136,'PERGUNTA 135','CERTA','ERRADA','INDIFERENTE',5,3,1),(137,'PERGUNTA 136','CERTA','ERRADA','INDIFERENTE',5,4,1),(138,'PERGUNTA 137','CERTA','ERRADA','INDIFERENTE',5,5,1),(139,'PERGUNTA 138','CERTA','ERRADA','INDIFERENTE',5,6,1),(140,'PERGUNTA 139','CERTA','ERRADA','INDIFERENTE',5,7,1),(141,'PERGUNTA 140','CERTA','ERRADA','INDIFERENTE',4,1,1),(142,'PERGUNTA 141','CERTA','ERRADA','INDIFERENTE',4,2,1),(143,'PERGUNTA 142','CERTA','ERRADA','INDIFERENTE',4,3,1),(144,'PERGUNTA 143','CERTA','ERRADA','INDIFERENTE',4,4,1),(145,'PERGUNTA 144','CERTA','ERRADA','INDIFERENTE',4,5,1),(146,'PERGUNTA 145','CERTA','ERRADA','INDIFERENTE',4,6,1),(147,'PERGUNTA 146','CERTA','ERRADA','INDIFERENTE',4,7,1),(148,'PERGUNTA 147','CERTA','ERRADA','INDIFERENTE',3,1,1),(149,'PERGUNTA 148','CERTA','ERRADA','INDIFERENTE',3,2,1),(150,'PERGUNTA 149','CERTA','ERRADA','INDIFERENTE',3,3,1),(151,'PERGUNTA 150','CERTA','ERRADA','INDIFERENTE',3,4,1),(152,'PERGUNTA 151','CERTA','ERRADA','INDIFERENTE',3,5,1),(153,'PERGUNTA 152','CERTA','ERRADA','INDIFERENTE',3,6,1),(154,'PERGUNTA 153','CERTA','ERRADA','INDIFERENTE',3,7,1),(155,'PERGUNTA 154','CERTA','ERRADA','INDIFERENTE',2,1,1),(156,'PERGUNTA 155','CERTA','ERRADA','INDIFERENTE',2,2,1),(157,'PERGUNTA 156','CERTA','ERRADA','INDIFERENTE',2,3,1),(158,'PERGUNTA 157','CERTA','ERRADA','INDIFERENTE',2,4,1),(159,'PERGUNTA 158','CERTA','ERRADA','INDIFERENTE',2,5,1),(160,'PERGUNTA 159','CERTA','ERRADA','INDIFERENTE',2,6,1),(161,'PERGUNTA 160','CERTA','ERRADA','INDIFERENTE',2,7,1),(162,'PERGUNTA 161','CERTA','ERRADA','INDIFERENTE',1,1,1),(163,'Quem foi adão?','Primeiro homen da terra','Quem induziu eva ao pecado','Namorado de eva',1,2,1),(164,'PERGUNTA 163','CERTA','ERRADA','INDIFERENTE',1,3,1),(165,'PERGUNTA 164','CERTA','ERRADA','INDIFERENTE',1,4,1),(166,'PERGUNTA 165','CERTA','ERRADA','INDIFERENTE',1,5,1),(167,'PERGUNTA 166','CERTA 2','ERRADA','INDIFERENTE',1,6,1),(168,'PERGUNTA 167','CERTA','ERRADA','INDIFERENTE',1,7,1),(510,'1º Livro da Bíblia                     \r\n','Gênesis                                \r\n','I Samuel                               \r\n','Êxodo                                  \r\n',1,1,2),(511,'2º Livro da Bíblia                     \r\n','Êxodo                                  \r\n','I Reis                                 \r\n','Levitico                               \r\n',1,2,2),(512,'3º Livro da Bíblia                     ','Levitico                               ','I Crônicas                             ','Êxodo                                  ',1,3,2),(513,'4º Livro da Bíblia                     \r\n','Números                                \r\n','Pentateuco                             \r\n','Gênesis                                \r\n',1,4,2),(514,'5º Livro da Bíblia                     \r\n','Deuteronômio                           \r\n','I Samuel                               \r\n','Êxodo                                  \r\n',1,5,2),(515,'Criado no 1º dia                       \r\n','Luz                                    \r\n','Vegetais                               \r\n','Sol                                    \r\n',1,6,2),(516,'Criado no 2º dia                       \r\n','Firmamento                             \r\n','Homem                                  \r\n','Luz                                    \r\n',1,7,2),(517,'Criado no 3º dia                       \r\n','Terra e Mar                            \r\n','Homem                                  \r\n','Luzeiros                               \r\n',2,1,2),(518,'Criado no 4º dia                       \r\n','Luzeiros                               \r\n','Homem                                  \r\n','Sol                                    \r\n',2,2,2),(519,'Criado no 5º dia                       \r\n','Peixes e aves                          \r\n','Luz                                    \r\n','Homem                                  \r\n',2,3,2),(520,'Criado no 6º dia                       \r\n','Homem                                  \r\n','Luz                                    \r\n','Animais                                \r\n',2,4,2),(521,'Fez a mulher da                        \r\n','Costela                                \r\n','Po                                     \r\n','Costas                                 \r\n',2,5,2),(522,'Deus descansou no                      \r\n','7º dia                                 \r\n','5º dia                                 \r\n','6º dia                                 \r\n',2,6,2),(523,'1º Filho de Eva                        \r\n','Caim                                   \r\n','Enoque                                 \r\n','Abel                                   \r\n',2,7,2),(524,'2º Filho de Eva                        \r\n','Abel                                   \r\n','Jacó                                   \r\n','Caim                                   \r\n',3,1,2),(525,'3º Filho de Eva                        \r\n','Sete                                   \r\n','Enoque                                 \r\n','Caim                                   \r\n',3,2,2),(526,'1º Filho de Adão                       \r\n','Caim                                   \r\n','Izaque                                 \r\n','Abel                                   \r\n',3,3,2),(527,'2º Filho de Adão                       \r\n','Abel                                   \r\n','Jacó                                   \r\n','Caim                                   \r\n',3,4,2),(528,'3º Filho de Adão                       \r\n','Sete                                   \r\n','Abel                                   \r\n','Caim                                   \r\n',3,5,2),(529,'Abel era                               \r\n','Pastor                                 \r\n','Apicultor                              \r\n','Agricultor                             \r\n',3,6,2),(530,'Caim Era                               \r\n','Agricultor                             \r\n','Apicultor                              \r\n','Pastor                                 \r\n',3,7,2),(531,'1º Rio que saía do Éden                \r\n','Pison                                  \r\n','Jordão                                 \r\n','Gion                                   \r\n',4,1,2),(532,'Na Terra de Hávilá                     \r\n','Há ouro                                \r\n','Há Bronze                              \r\n','Há Onix                                \r\n',4,2,2),(533,'Rio que Rodeia Havilá                  \r\n','Pison                                  \r\n','Jordão                                 \r\n','Tigre                                  \r\n',4,3,2),(534,'2º rio que saía do Éden                \r\n','Gion                                   \r\n','Nilo                                   \r\n','Pison                                  \r\n',4,4,2),(535,'3º rio que saía do Éden                \r\n','Tigre                                  \r\n','Negro                                  \r\n','Gion                                   \r\n',4,5,2),(536,'4º rio que saía do Éden                \r\n','Eufrates                               \r\n','Vermelho                               \r\n','Tigre                                  \r\n',4,6,2),(537,'Filho de Noé                           \r\n','Sem                                    \r\n','Levítico                               \r\n','Cain                                   \r\n',4,7,2),(538,'1º 5 livros da Bíblia                  \r\n','Pentateuco                             \r\n','Gn, Lv                                 \r\n','Lei                                    \r\n',5,1,2),(539,'Parte Pentateuco                       \r\n','Levítico                               \r\n','Atos                                   \r\n','Josué                                  \r\n',5,2,2),(540,'Siglas Pentateuco                      \r\n','Gn, Lv, Dt                             \r\n','Dt, Mc                                 \r\n','Nn, Gn                                 \r\n',5,3,2),(541,'Enganou Eva                            \r\n','Serpente                               \r\n','Adão                                   \r\n','Cascavel                               \r\n',5,4,2),(542,'Nome de Deus                           \r\n','Elohim                                 \r\n','Jacó                                   \r\n','Poderoso                               \r\n',5,5,2),(543,'Tudo criado até                        \r\n','6º dia                                 \r\n','8º dia                                 \r\n','5º dia                                 \r\n',5,6,2),(544,'Trabalho no Jardim                     \r\n','Cultivar e Guardar                     \r\n','Nomear os animais                      \r\n','Cultivar e Descansar                   \r\n',5,7,2),(545,'Deixará o homem                        \r\n','Pai                                    \r\n','Amigos                                 \r\n','Irmão                                  \r\n',6,1,2),(546,'A Mulher sofrerá mais                  \r\n','Na gravidez                            \r\n','Com amigos                             \r\n','Com filhos                             \r\n',6,2,2),(547,'Caim ficou                             \r\n','Irado                                  \r\n','Indiferente                            \r\n','Triste                                 \r\n',6,3,2),(548,'A Caim dominar                         \r\n','Desejo                                 \r\n','Abel                                   \r\n','Ira                                    \r\n',6,4,2),(549,'Caim matou                             \r\n','Abel                                   \r\n','Can                                    \r\n','Sete                                   \r\n',6,5,2),(550,'Caim És agora                        ','Maldito                                \r\n','Feliz                                  \r\n','Culpado                                \r\n',6,6,2),(551,'Enoque era                             \r\n','Filho de Cain                          \r\n','Filho de Abel                          \r\n','Uma Cidade                             \r\n',6,7,2),(552,'Descendente de Enoque                  \r\n','Lameque                                \r\n','Gideão                                 \r\n','Caim                                   \r\n',7,1,2),(553,'Filho de Enoque                        \r\n','Irade                                  \r\n','Noé                                    \r\n','Meujael                                \r\n',7,2,2),(554,'Esposas de Lameque                     \r\n','Ada e Zila                             \r\n','Zilpa e Irade                          \r\n','Ada e Zilpa                            \r\n',7,3,2),(555,'Punição de Lameque                     \r\n','490 vezes                              \r\n','7 vezes                                \r\n','70 vezes                               \r\n',7,4,2),(556,'Viveu Adão                             \r\n','930 anos                               \r\n','800 anos                               \r\n','900 anos                               \r\n',7,5,2),(557,'Sete viveu                             \r\n','912 anos                               \r\n','807 anos                               \r\n','900 anos                               \r\n',7,6,2),(558,'Filho de Metusalem                     \r\n','Lameque                                \r\n','Maalalel                               \r\n','Noé                                    \r\n',7,7,2),(559,'Filho de Noé                           \r\n','Sem                                    \r\n','Cainã                                  \r\n','Arfaxade                               \r\n',8,1,2),(560,'Noé era justo entre                    \r\n','Seus conteporãneos                     \r\n','Os judeus                              \r\n','Vizinhos                               \r\n',8,2,2),(561,'Noé teve                               \r\n','Três filhos                            \r\n','Cinco filhos                           \r\n','Quatro filhos                          \r\n',8,3,2),(562,'A serpente será ferida                 \r\n','Na cabeça                              \r\n','Na calda                               \r\n','No meio                                \r\n',8,4,2),(563,'Maldita será                           \r\n','A terra                                \r\n','A Mulher                               \r\n','A vegetação                            \r\n',8,5,2),(564,'Guardiões da árvore                    \r\n','Querubins                              \r\n','Gigantes                               \r\n','Serafins                               \r\n',8,6,2),(565,'Caim matou abel                        \r\n','No campo                               \r\n','Junto ao rebanho                       \r\n','Na plantação                           \r\n',8,7,2),(566,'Habitou Caim                           \r\n','Na terra de Node                       \r\n','Na terra de Sinar                      \r\n','Na região de Node                      \r\n',9,1,2),(567,'Filho de Sete                          \r\n','Enos                                   \r\n','Maalalel                               \r\n','Cainã                                  \r\n',9,2,2),(568,'1ª referência a Noé                    \r\n','Em Gênesis 5                           \r\n','Em Gênesis 4                           \r\n','Em Gênesis 6                           \r\n',9,3,2),(569,'1º referência-dilúvio                  \r\n','Em Gênesis 6                           \r\n','Em Gênesis 9                           \r\n','Em Gênesis 5                           \r\n',9,4,2),(570,'A arca era feita                       \r\n','De cipreste                            \r\n','De betume                              \r\n','De madeira                             \r\n',9,5,2),(571,'Medida da Arca                         \r\n','300 x 50 x 30                          \r\n','300 x 70 x 40                          \r\n','300 x 60 x 30                          \r\n',9,6,2),(572,'Comprimento da Arca                    \r\n','Trezentos côvados                      \r\n','Quinhentos côvados                     \r\n','Duzentos côvados                       \r\n',9,7,2),(573,'Durou o dilúvio                        \r\n','Quarenta dias                          \r\n','Setenta dias                           \r\n','Cinquenta dias                         \r\n',10,1,2),(574,'Nº de Pessoas na arca                  \r\n','Oito                                   \r\n','Doze                                   \r\n','Nove                                   \r\n',10,2,2),(575,'Filhos de Jafé                         \r\n','Gomer, Tubal                           \r\n','Sem , Can                              \r\n','Asquenaz, Fifate                       \r\n',10,3,2),(576,'Neto de Noé                            \r\n','Madai, Meseque                         \r\n','Milca, Harã                            \r\n','Cuxe, Ninrode                          \r\n',10,4,2),(577,'Descendente de Sem                     \r\n','Abrão, Ló                              \r\n','Jarede, Cainã                          \r\n','Arfaxade, Asquenaz                     \r\n',10,5,2),(578,'1º a sair da Arca                      \r\n','Corvo                                  \r\n','Noé                                    \r\n','Pomba                                  \r\n',10,6,2),(579,'A pomba foi solta                      \r\n','Três vezes                             \r\n','Três vezes                             \r\n','Duas vezes                             \r\n',10,7,2),(580,'As águas secaram                       \r\n','No ano 601                             \r\n','No ano 501                             \r\n','No ano 600                             \r\n',11,1,2),(581,'Noé era                                \r\n','Lavrador                               \r\n','Pastor                                 \r\n','Carpinteiro                            \r\n',11,2,2),(582,'Viu a nudez de Noé                     \r\n','Cam                                    \r\n','Ninrode                                \r\n','Jafe                                   \r\n',11,3,2),(583,'Amoldiçoado por Noé                    \r\n','Cam                                    \r\n','Ninrode                                \r\n','Canaã                                  \r\n',11,4,2),(584,'Bisneto de Sem                         \r\n','Heber                                  \r\n','Serugue                                \r\n','Sala                                   \r\n',11,5,2),(585,'Pai de Abrão                           \r\n','Tera                                   \r\n','Heber                                  \r\n','Naor                                   \r\n',11,6,2),(586,'Terra de Abrão                         \r\n','Ur dos caldeus                         \r\n','Canaã                                  \r\n','Harã                                   \r\n',11,7,2),(587,'Filho de Abraão                        \r\n','Isaque                                 \r\n','Samuel                                 \r\n','Ló                                     \r\n',12,1,2),(588,'Mulher de Abraão                       \r\n','Sarah                                  \r\n','Rebeca                                 \r\n','Agar                                   \r\n',12,2,2),(589,'Morreu Tera                            \r\n','Em Harã                                \r\n','Israel                                 \r\n','Ur dos caldeus                         \r\n',12,3,2),(590,'1º Filho de Abraão                     \r\n','Isamel                                 \r\n','Jacó                                   \r\n','Isaque                                 \r\n',12,4,2),(591,'Filho de Jacó                          \r\n','Esau                                   \r\n','Isaque                                 \r\n','Jose                                   \r\n',12,5,2),(592,'Idade de Abrão em Harã                 \r\n','Setenta e cinco                        \r\n','Sessenta e cinco                       \r\n','Setenta                                \r\n',12,6,2),(593,'Fez Abrão um altar                     \r\n','No carvalho de Moré                    \r\n','Em Harã                                \r\n','Na terra de Siquem                     \r\n',12,7,2),(594,'Desceu Abrão ao Egito                  \r\n','Devido a fome                          \r\n','Ganância                               \r\n','Oscilou na fé                          \r\n',13,1,2),(595,'Do Egito Abrão foi                     \r\n','Para o Neguebe                         \r\n','Para o Sinai                           \r\n','Para Betel                             \r\n',13,2,2),(596,'Houve Contenda entre                   \r\n','Pastores de Abrão e Ló                 \r\n','Sodoma e Gomorra                       \r\n','Abrão e Ló                             \r\n',13,3,2),(597,'A escolha de Ló                        \r\n','Campina do Jordão                      \r\n','Canaã                                  \r\n','Sodoma                                 \r\n',13,4,2),(598,'Onde habitou Abrão                     \r\n','Na terra de Canaã                      \r\n','Nas cidades da campina                 \r\n','Na terra de Ai                         \r\n',13,5,2),(599,'Nº de Soldados de Abrão                \r\n','Trezentos                              \r\n','Quinhentos                             \r\n','Quatrocentos                           \r\n',13,6,2),(600,'Trouxe Melquesedeque                   \r\n','Pão e vinho a Abrão                    \r\n','Prata e leite a Abrão                  \r\n','Pão e agua a Abrão                     \r\n',13,7,2),(601,'Melquesedeque era                      \r\n','Rei e Sacertote                        \r\n','Pai de Abrão                           \r\n','Sacerdote                              \r\n',14,1,2),(602,'Abrão deu o Dízimo                     \r\n','A Melquesedeque                        \r\n','A Ló                                   \r\n','Ao Rei                                 \r\n',14,2,2),(603,'O nome Abrão aparece                   \r\n','Em Gênesis 11                          \r\n','Em Gênesis 10                          \r\n','Em Gênesis 12                          \r\n',14,3,2),(604,'Limite terra prometida                 \r\n','Rio do Egito-eufrates                  \r\n','Mar vermelho-jordão                    \r\n','Rio do Egito-jordão                    \r\n',14,4,2),(605,'Era Abrão de 86 anos                   \r\n','Ao nascer Ismael                       \r\n','Quando chegou ao Egito                 \r\n','Ao nascer Isaque                       \r\n',14,5,2),(606,'Deus mudou Abrão-Abraão                \r\n','Aos 99 anos                            \r\n','Aos 86 anos                            \r\n','Aos 100 anos                           \r\n',14,6,2),(607,'Idade para circuncisão                 \r\n','Oito dias                              \r\n','Quarenta dias                          \r\n','Doze dias                              \r\n',14,7,2),(608,'Deus mudou Sarai-Sara                  \r\n','Aos 90 anos                            \r\n','Aos 100 anos                           \r\n','Aos 91 anos                            \r\n',15,1,2),(609,'Ismael geraria                         \r\n','12 príncipes                           \r\n','18 príncipes                           \r\n','10 príncipes                           \r\n',15,2,2),(610,'Circuncidou-se Abraão                  \r\n','Aos 99 anos                            \r\n','Aos 86 anos                            \r\n','Aos 100 anos                           \r\n',15,3,2),(611,'Ismael foi circuncidado                \r\n','Aos 13 anos                            \r\n','Ao oitavo dia                          \r\n','Aos 12 anos                            \r\n',15,4,2),(612,'Abraão Alimentou os anjos              \r\n','Pães, carne e coalhada                 \r\n','Pão e vinho                            \r\n','Pães, carne e vinho                    \r\n',15,5,2),(613,'Tinha Ló                               \r\n','Duas filhas                            \r\n','Quatro filhas                          \r\n','Três filhas                            \r\n',15,6,2),(614,'Chegou Ló em Zoar                      \r\n','Ao amanhecer                           \r\n','Ao fim do dia                          \r\n','Ao meio dia                            \r\n',15,7,2),(615,'A mulher de Ló virou                   \r\n','Estátua de sal                         \r\n','Estatua de areia                       \r\n','Uma estatua                            \r\n',16,1,2),(616,'Habitou Ló apos Sodoma                 \r\n','Numa caverna                           \r\n','Nas campinas                           \r\n','Em Zoar                                \r\n',16,2,2),(617,'Filho da primogênita de Ló             \r\n','Moabe                                  \r\n','Amon                                   \r\n','Ben-Ami                                \r\n',16,3,2),(618,'Filho da caçula de Ló                  \r\n','Ben-Ami                                \r\n','Moabitas                               \r\n','Moabe                                  \r\n',16,4,2),(619,'Isaque foi circuncidado                \r\n','Ao oitavo dia                          \r\n','Aos treze anos                         \r\n','Ao sexto dia                           \r\n',16,5,2),(620,'Quanto Isaque nasceu                   \r\n','Tinha Abraão 100 anos                  \r\n','Tinha Abraão 106 anos                  \r\n','Tinha Abraão 99 anos                   \r\n',16,6,2),(621,'Abrão oferce Isaque                    \r\n','Em Gênesis 22                          \r\n','Em Genesis 12                          \r\n','Em Genesis 20                          \r\n',16,7,2),(622,'Deus prova Abraão                      \r\n','Em Gênesis 22                          \r\n','Em Genesis 12                          \r\n','Em Genesis 20                          \r\n',17,1,2),(623,'Viveu Sara                             \r\n','127 anos                               \r\n','120 anos                               \r\n','125 anos                               \r\n',17,2,2),(624,'Morreu Sara em                         \r\n','Quiriate-Arba                          \r\n','Jerusalem                              \r\n','Canaã                                  \r\n',17,3,2),(625,'Preço da sepultura de Sarah            \r\n','400 ciclos de prata                    \r\n','700 ciclos de prata                    \r\n','300 ciclos de prata                    \r\n',17,4,2),(626,'Pacto de Abraão e o Servo              \r\n','Mão debaixo da coxa                    \r\n','Mão no coração                         \r\n','Mão sobre a coxa                       \r\n',17,5,2),(627,'O Servo de Abraão levou                \r\n','10 camelos e bens                      \r\n','12 camelos e bens                      \r\n','11 camelos e bens                      \r\n',17,6,2),(628,'A nora de Abrão era                    \r\n','Filha de Betuel                        \r\n','Filha de Hete                          \r\n','Filha de Milca                         \r\n',17,7,2),(629,'Nome da nora de Abrão                  \r\n','Rebeca                                 \r\n','Agar                                   \r\n','Milca                                  \r\n',18,1,2),(630,'Presentes para Rebeca                  \r\n','Pendente e Pulseiras                   \r\n','10 Camelos                             \r\n','Pulseiras de ouro                      \r\n',18,2,2),(631,'Isaque Habitava                        \r\n','Na terra do Neguebe                    \r\n','Harã                                   \r\n','Em Beer-Laai-Roi                       \r\n',18,3,2),(632,'Viveu Abraão                           \r\n','175 anos                               \r\n','165 anos                               \r\n','170 anos                               \r\n',18,4,2),(633,'Terceira mulher Abraão                 \r\n','Quetura                                \r\n','Raquel                                 \r\n','Agar                                   \r\n',18,5,2),(634,'Nº de filhos de Quetura                \r\n','6 filhos                               \r\n','4 Filhos                               \r\n','5 filhos                               \r\n',18,6,2),(635,'Pai de Midiã                           \r\n','Abraão                                 \r\n','Hadade                                 \r\n','Isaque                                 \r\n',18,7,2),(636,'Quem sepultou Abraão                   \r\n','Isaque e Ismael                        \r\n','Isaque e Jacó                          \r\n','Isaque                                 \r\n',19,1,2),(637,'Primogênito de Ismael                  \r\n','Nebaiote                               \r\n','Hadade                                 \r\n','Quedar                                 \r\n',19,2,2),(638,'Viveu Ismael                           \r\n','137 anos                               \r\n','117 anos                               \r\n','127 anos                               \r\n',19,3,2),(639,'Isaque casou aos                       \r\n','40 anos                                \r\n','30 anos                                \r\n','33 anos                                \r\n',19,4,2),(640,'Isaque teve filhos                     \r\n','Aos sessenta anos                      \r\n','Aos oitenta anos                       \r\n','Aos cinquenta anos                     \r\n',19,5,2),(641,'Filhos de Rebeca                       \r\n','Esaú e Jacó                            \r\n','Isaque e Ismael                        \r\n','Jacó e Isaque                          \r\n',19,6,2),(642,'Filhos de Isaque                       \r\n','Esaú e Jacó                            \r\n','Nebaiote e Quedar                      \r\n','Esau e Ismael                          \r\n',19,7,2),(643,'Nasceu Jacó segurando                  \r\n','O calcanhar de Esaú                    \r\n','A perna de Esaú                        \r\n','O pe de Esaú                           \r\n',20,1,2),(644,'Primogênito de Isaque                  \r\n','Esaú                                   \r\n','Ismael                                 \r\n','Jacó                                   \r\n',20,2,2),(645,'Esau cede primogenitura                \r\n','Por pão e lentilha                     \r\n','Por um lanche                          \r\n','Por uma refeição                       \r\n',20,3,2),(646,'Esau casou aos                         \r\n','40 anos                                \r\n','30 anos                                \r\n','33 anos                                \r\n',20,4,2),(647,'Esposas de Esaú                        \r\n','Judite e Basemate                      \r\n','Lia e Dina                             \r\n','Judite e Raquel                        \r\n',20,5,2),(648,'O casamento de Esaú                    \r\n','Não agradou seus pais                  \r\n','Não agradou Abraão                     \r\n','Não agradou sua mãe                    \r\n',20,6,2),(649,'Isaque apalpou Jacó                    \r\n','Nas mãos                               \r\n','Nos ombros                             \r\n','Nos braços                             \r\n',20,7,2),(650,'Tio de Jacó                            \r\n','Labão                                  \r\n','Hete                                   \r\n','Betuel                                 \r\n',21,1,2),(651,'Irmão de Rebeca                        \r\n','Labão                                  \r\n','Hete                                   \r\n','Betuel                                 \r\n',21,2,2),(652,'Jacó prometeu dizimo                   \r\n','De tudo que ganhar                     \r\n','De parte do rebanho                    \r\n','De todo o rebanho                      \r\n',21,3,2),(653,'Jacó encontrou Rebeca                  \r\n','E a beijou e chorou                    \r\n','E a abraçou                            \r\n','E a beijou e abraçou                   \r\n',21,4,2),(654,'Primogênita de Labão                   \r\n','Lia                                    \r\n','Zilpa                                  \r\n','Raqquel                                \r\n',21,5,2),(655,'Raquel era formosa                     \r\n','De porte e semblante                   \r\n','No olhar                               \r\n','De semblante                           \r\n',21,6,2),(656,'Esposas de Jacó                        \r\n','Lia e Raquel                           \r\n','Zilpa e Bila                           \r\n','Lia e Zilpa                            \r\n',21,7,2),(657,'Por Lia Jacó trabalhou                 \r\n','7 anos                                 \r\n','14 anos                                \r\n','8 anos                                 \r\n',22,1,2),(658,'Por Raquel Jacó serviu                 \r\n','14 anos                                \r\n','7 anos                                 \r\n','12 anos                                \r\n',22,2,2),(659,'1º esposa de Jacó                      \r\n','Lia                                    \r\n','Bila                                   \r\n','Raquel                                 \r\n',22,3,2),(660,'2ª esposa de Jacó                      \r\n','Raquel                                 \r\n','Dina                                   \r\n','Lia                                    \r\n',22,4,2),(661,'Filhos de Lia                          \r\n','Rubem e Simeão                         \r\n','Dã e Naftali                           \r\n','Rubem e Dã                             \r\n',22,5,2),(662,'1º filho de Jacó                       \r\n','Rubem                                  \r\n','Levi                                   \r\n','Simeão                                 \r\n',22,6,2),(663,'Nº de filhas de Jacó                   \r\n','1 filha                                \r\n','3 Filhas                               \r\n','2 filhas                               \r\n',22,7,2),(664,'1º Fiho de Raquel                      \r\n','Jose                                   \r\n','Dã                                     \r\n','Benjamim                               \r\n',23,1,2),(665,'Nº de filhos de Lia                    \r\n','6 Filhos e 1 filha                     \r\n','5 filhos                               \r\n','6 Filhos                               \r\n',23,2,2),(666,'Nº de filhos de Bila                   \r\n','2 filhos                               \r\n','4 Filhos                               \r\n','3 filhos                               \r\n',23,3,2),(667,'Nº de filhos de Zilpa                  \r\n','2 Filhos                               \r\n','4 Filhos                               \r\n','3 filhos                               \r\n',23,4,2),(668,'Deram filhos a Jacó                    \r\n','Lia, Raquel e Bila                     \r\n','Raquel e Dina                          \r\n','Lia e Raquel                           \r\n',23,5,2),(669,'1º filho de Bila                       \r\n','Dã                                     \r\n','Rubem                                  \r\n','Naftali                                \r\n',23,6,2),(670,'1º filho de Zilpa                      \r\n','Gade                                   \r\n','Rubem                                  \r\n','Aser                                   \r\n',23,7,2),(671,'Varas usadas por Jacó                  \r\n','Alamo-aveleira-platamo                 \r\n','Alamo-carvalho                         \r\n','Alamo-aveleira                         \r\n',24,1,2),(672,'Salario de Jacó Alterou                \r\n','10 vezes                               \r\n','12 vezes                               \r\n','11 vezes                               \r\n',24,2,2),(673,'Labão perseguiu Jacó                   \r\n','Por sete dias                          \r\n','Por cinco dias                         \r\n','Por seis dias                          \r\n',24,3,2),(674,'Furtou idolos de Labão                 \r\n','Raquel                                 \r\n','Jacó                                   \r\n','Bila                                   \r\n',24,4,2),(675,'Serviu Jacó a Labão                    \r\n','Por vinte anos                         \r\n','Por doze anos                          \r\n','Por quatorze anos                      \r\n',24,5,2),(676,'Nº homens Esaú levou                   \r\n','400 homens                             \r\n','300 homens                             \r\n','370 homens                             \r\n',24,6,2),(677,'Jacó dividiu o povo                    \r\n','Em dois bandos                         \r\n','Em quato bandos                        \r\n','Em três bandos                         \r\n',24,7,2),(850,'1+1\r\n','2\r\n','4\r\n','3\r\n',1,1,6),(851,'1+2\r\n','3\r\n','5\r\n','4\r\n',1,2,6),(852,'1+3\r\n','4\r\n','6\r\n','5\r\n',1,3,6),(853,'1+4\r\n','5\r\n','7\r\n','6\r\n',1,4,6),(854,'1+5\r\n','6\r\n','8\r\n','7\r\n',1,5,6),(855,'1+6\r\n','7\r\n','9\r\n','8\r\n',1,6,6),(856,'1+7\r\n','8\r\n','10\r\n','9\r\n',1,7,6),(857,'1+8\r\n','9\r\n','11\r\n','10\r\n',2,1,6),(858,'1+9\r\n','10\r\n','12\r\n','11\r\n',2,2,6),(859,'2+1\r\n','3\r\n','5\r\n','4\r\n',2,3,6),(860,'2+2\r\n','4\r\n','6\r\n','5\r\n',2,4,6),(861,'2+3\r\n','5\r\n','7\r\n','6\r\n',2,5,6),(862,'2+4\r\n','6\r\n','8\r\n','7\r\n',2,6,6),(863,'2+5\r\n','7\r\n','9\r\n','8\r\n',2,7,6),(864,'2+6\r\n','8\r\n','10\r\n','9\r\n',3,1,6),(865,'2+7\r\n','9\r\n','11\r\n','10\r\n',3,2,6),(866,'2+8\r\n','10\r\n','12\r\n','11\r\n',3,3,6),(867,'2+9\r\n','11\r\n','13\r\n','12\r\n',3,4,6),(868,'3+1\r\n','4\r\n','6\r\n','5\r\n',3,5,6),(869,'3+2\r\n','5\r\n','7\r\n','6\r\n',3,6,6),(870,'3+3\r\n','6\r\n','8\r\n','7\r\n',3,7,6),(871,'3+4\r\n','7\r\n','9\r\n','8\r\n',4,1,6),(872,'3+5\r\n','8\r\n','10\r\n','9\r\n',4,2,6),(873,'3+6\r\n','9\r\n','11\r\n','10\r\n',4,3,6),(874,'3+7\r\n','10\r\n','12\r\n','11\r\n',4,4,6),(875,'3+8\r\n','11\r\n','13\r\n','12\r\n',4,5,6),(876,'3+9\r\n','12\r\n','14\r\n','13\r\n',4,6,6),(877,'4+1\r\n','5\r\n','7\r\n','6\r\n',4,7,6),(878,'4+2\r\n','6\r\n','8\r\n','7\r\n',5,1,6),(879,'4+3\r\n','7\r\n','9\r\n','8\r\n',5,2,6),(880,'4+4\r\n','8\r\n','10\r\n','9\r\n',5,3,6),(881,'4+5\r\n','9\r\n','11\r\n','10\r\n',5,4,6),(882,'4+6\r\n','10\r\n','12\r\n','11\r\n',5,5,6),(883,'4+7\r\n','11\r\n','13\r\n','12\r\n',5,6,6),(884,'4+8\r\n','12\r\n','14\r\n','13\r\n',5,7,6),(885,'4+9\r\n','13\r\n','15\r\n','14\r\n',6,1,6),(886,'5+1\r\n','6\r\n','8\r\n','7\r\n',6,2,6),(887,'5+2\r\n','7\r\n','9\r\n','8\r\n',6,3,6),(888,'5+3\r\n','8\r\n','10\r\n','9\r\n',6,4,6),(889,'5+4\r\n','9\r\n','11\r\n','10\r\n',6,5,6),(890,'5+5\r\n','10\r\n','12\r\n','11\r\n',6,6,6),(891,'5+6\r\n','11\r\n','13\r\n','12\r\n',6,7,6),(892,'5+7\r\n','12\r\n','14\r\n','13\r\n',7,1,6),(893,'5+8\r\n','13\r\n','15\r\n','14\r\n',7,2,6),(894,'5+9\r\n','14\r\n','16\r\n','15\r\n',7,3,6),(895,'6+1\r\n','7\r\n','9\r\n','8\r\n',7,4,6),(896,'6+2\r\n','8\r\n','10\r\n','9\r\n',7,5,6),(897,'6+3\r\n','9\r\n','11\r\n','10\r\n',7,6,6),(898,'6+4\r\n','10\r\n','12\r\n','11\r\n',7,7,6),(899,'6+5\r\n','11\r\n','13\r\n','12\r\n',8,1,6),(900,'6+6\r\n','12\r\n','14\r\n','13\r\n',8,2,6),(901,'6+7\r\n','13\r\n','15\r\n','14\r\n',8,3,6),(902,'6+8\r\n','14\r\n','16\r\n','15\r\n',8,4,6),(903,'6+9\r\n','15\r\n','17\r\n','16\r\n',8,5,6),(904,'7+1\r\n','8\r\n','10\r\n','9\r\n',8,6,6),(905,'7+2\r\n','9\r\n','11\r\n','10\r\n',8,7,6),(906,'7+3\r\n','10\r\n','12\r\n','11\r\n',9,1,6),(907,'7+4\r\n','11\r\n','13\r\n','12\r\n',9,2,6),(908,'7+5\r\n','12\r\n','14\r\n','13\r\n',9,3,6),(909,'7+6\r\n','13\r\n','15\r\n','14\r\n',9,4,6),(910,'7+7\r\n','14\r\n','16\r\n','15\r\n',9,5,6),(911,'7+8\r\n','15\r\n','17\r\n','16\r\n',9,6,6),(912,'7+9\r\n','16\r\n','18\r\n','17\r\n',9,7,6),(913,'8+1\r\n','9\r\n','11\r\n','10\r\n',10,1,6),(914,'8+2\r\n','10\r\n','12\r\n','11\r\n',10,2,6),(915,'8+3\r\n','11\r\n','13\r\n','12\r\n',10,3,6),(916,'8+4\r\n','12\r\n','14\r\n','13\r\n',10,4,6),(917,'8+5\r\n','13\r\n','15\r\n','14\r\n',10,5,6),(918,'8+6\r\n','14\r\n','16\r\n','15\r\n',10,6,6),(919,'8+7\r\n','15\r\n','17\r\n','16\r\n',10,7,6),(920,'8+8\r\n','16\r\n','18\r\n','17\r\n',11,1,6),(921,'8+9\r\n','17\r\n','19\r\n','18\r\n',11,2,6),(922,'9+1\r\n','10\r\n','12\r\n','11\r\n',11,3,6),(923,'9+2\r\n','11\r\n','13\r\n','12\r\n',11,4,6),(924,'9+3\r\n','12\r\n','14\r\n','13\r\n',11,5,6),(925,'9+4\r\n','13\r\n','15\r\n','14\r\n',11,6,6),(926,'9+5\r\n','14\r\n','16\r\n','15\r\n',11,7,6),(927,'9+6\r\n','15\r\n','17\r\n','16\r\n',12,1,6),(928,'9+7\r\n','16\r\n','18\r\n','17\r\n',12,2,6),(929,'9+8\r\n','17\r\n','19\r\n','18\r\n',12,3,6),(930,'9+9\r\n','18\r\n','20\r\n','19\r\n',12,4,6),(931,'1-1\r\n','0\r\n','2\r\n','1\r\n',12,5,6),(932,'2-1\r\n','1\r\n','3\r\n','2\r\n',12,6,6),(933,'3-1\r\n','2\r\n','4\r\n','3\r\n',12,7,6),(934,'4-1\r\n','3\r\n','5\r\n','4\r\n',13,1,6),(935,'5-1\r\n','4\r\n','6\r\n','5\r\n',13,2,6),(936,'6-1\r\n','5\r\n','7\r\n','6\r\n',13,3,6),(937,'7-1\r\n','6\r\n','8\r\n','7\r\n',13,4,6),(938,'8-1\r\n','7\r\n','9\r\n','8\r\n',13,5,6),(939,'9-1\r\n','8\r\n','10\r\n','9\r\n',13,6,6),(940,'2-2\r\n','0\r\n','2\r\n','1\r\n',13,7,6),(941,'3-2\r\n','1\r\n','3\r\n','2\r\n',14,1,6),(942,'4-2\r\n','2\r\n','4\r\n','3\r\n',14,2,6),(943,'5-2\r\n','3\r\n','5\r\n','4\r\n',14,3,6),(944,'6-2\r\n','4\r\n','6\r\n','5\r\n',14,4,6),(945,'7-2\r\n','5\r\n','7\r\n','6\r\n',14,5,6),(946,'8-2\r\n','6\r\n','8\r\n','7\r\n',14,6,6),(947,'9-2\r\n','7\r\n','9\r\n','8\r\n',14,7,6),(948,'3-3\r\n','0\r\n','2\r\n','1\r\n',15,1,6),(949,'4-3\r\n','1\r\n','3\r\n','2\r\n',15,2,6),(950,'5-3\r\n','2\r\n','4\r\n','3\r\n',15,3,6),(951,'6-3\r\n','3\r\n','5\r\n','4\r\n',15,4,6),(952,'7-3\r\n','4\r\n','6\r\n','5\r\n',15,5,6),(953,'8-3\r\n','5\r\n','7\r\n','6\r\n',15,6,6),(954,'9-3\r\n','6\r\n','8\r\n','7\r\n',15,7,6),(955,'4-4\r\n','0\r\n','2\r\n','1\r\n',16,1,6),(956,'5-4\r\n','1\r\n','3\r\n','2\r\n',16,2,6),(957,'6-4\r\n','2\r\n','4\r\n','3\r\n',16,3,6),(958,'7-4\r\n','3\r\n','5\r\n','4\r\n',16,4,6),(959,'8-4\r\n','4\r\n','6\r\n','5\r\n',16,5,6),(960,'9-4\r\n','5\r\n','7\r\n','6\r\n',16,6,6),(961,'5-5\r\n','0\r\n','2\r\n','1\r\n',16,7,6),(962,'6-5\r\n','1\r\n','3\r\n','2\r\n',17,1,6),(963,'7-5\r\n','2\r\n','4\r\n','3\r\n',17,2,6),(964,'8-5\r\n','3\r\n','5\r\n','4\r\n',17,3,6),(965,'9-5\r\n','4\r\n','6\r\n','5\r\n',17,4,6),(966,'6-6\r\n','0\r\n','2\r\n','1\r\n',17,5,6),(967,'7-6\r\n','1\r\n','3\r\n','2\r\n',17,6,6),(968,'8-6\r\n','2\r\n','4\r\n','3\r\n',17,7,6),(969,'9-6\r\n','3\r\n','5\r\n','4\r\n',18,1,6),(970,'7-7\r\n','0\r\n','2\r\n','1\r\n',18,2,6),(971,'8-7\r\n','1\r\n','3\r\n','2\r\n',18,3,6),(972,'9-7\r\n','2\r\n','4\r\n','3\r\n',18,4,6),(973,'8-8\r\n','0\r\n','2\r\n','1\r\n',18,5,6),(974,'9-8\r\n','1\r\n','3\r\n','2\r\n',18,6,6),(975,'9-9\r\n','0\r\n','2\r\n','1\r\n',18,7,6),(976,'10+1\r\n','11\r\n','13\r\n','12\r\n',19,1,6),(977,'10+2\r\n','12\r\n','14\r\n','13\r\n',19,2,6),(978,'10+3\r\n','13\r\n','15\r\n','14\r\n',19,3,6),(979,'10+4\r\n','14\r\n','16\r\n','15\r\n',19,4,6),(980,'10+5\r\n','15\r\n','17\r\n','16\r\n',19,5,6),(981,'10+6\r\n','16\r\n','18\r\n','17\r\n',19,6,6),(982,'10+7\r\n','17\r\n','19\r\n','18\r\n',19,7,6),(983,'10+8\r\n','18\r\n','20\r\n','19\r\n',20,1,6),(984,'10+9\r\n','19\r\n','21\r\n','20\r\n',20,2,6),(985,'11+1\r\n','12\r\n','14\r\n','13\r\n',20,3,6),(986,'11+2\r\n','13\r\n','15\r\n','14\r\n',20,4,6),(987,'11+3\r\n','14\r\n','16\r\n','15\r\n',20,5,6),(988,'11+4\r\n','15\r\n','17\r\n','16\r\n',20,6,6),(989,'11+5\r\n','16\r\n','18\r\n','17\r\n',20,7,6),(990,'11+6\r\n','17\r\n','19\r\n','18\r\n',21,1,6),(991,'11+7\r\n','18\r\n','20\r\n','19\r\n',21,2,6),(992,'11+8\r\n','19\r\n','21\r\n','20\r\n',21,3,6),(993,'11+9\r\n','20\r\n','22\r\n','21\r\n',21,4,6),(994,'12+1\r\n','13\r\n','15\r\n','14\r\n',21,5,6),(995,'12+2\r\n','14\r\n','16\r\n','15\r\n',21,6,6),(996,'12+3\r\n','15\r\n','17\r\n','16\r\n',21,7,6),(997,'12+4\r\n','16\r\n','18\r\n','17\r\n',22,1,6),(998,'12+5\r\n','17\r\n','19\r\n','18\r\n',22,2,6),(999,'12+6\r\n','18\r\n','20\r\n','19\r\n',22,3,6),(1000,'12+7\r\n','19\r\n','21\r\n','20\r\n',22,4,6),(1001,'12+8\r\n','20\r\n','22\r\n','21\r\n',22,5,6),(1002,'12+9\r\n','21\r\n','23\r\n','22\r\n',22,6,6),(1003,'13+1\r\n','14\r\n','16\r\n','15\r\n',22,7,6),(1004,'13+2\r\n','15\r\n','17\r\n','16\r\n',23,1,6),(1005,'13+3\r\n','16\r\n','17\r\n','17\r\n',23,2,6),(1006,'13+4\r\n','17\r\n','17\r\n','18\r\n',23,3,6),(1007,'13+5\r\n','18\r\n','18\r\n','19\r\n',23,4,6),(1008,'13+6\r\n','19\r\n','17\r\n','20\r\n',23,5,6),(1009,'13+7\r\n','20\r\n','19\r\n','21\r\n',23,6,6),(1010,'13+8\r\n','21\r\n','17\r\n','22\r\n',23,7,6),(1011,'13+9\r\n','22\r\n','20\r\n','23\r\n',24,1,6),(1012,'14+1\r\n','15\r\n','17\r\n','16\r\n',24,2,6),(1013,'14+2\r\n','16\r\n','18\r\n','17\r\n',24,3,6),(1014,'14+3\r\n','17\r\n','19\r\n','18\r\n',24,4,6),(1015,'14+4\r\n','18\r\n','20\r\n','19\r\n',24,5,6),(1016,'14+5\r\n','19\r\n','21\r\n','20\r\n',24,6,6),(1017,'14+6\r\n','20\r\n','22\r\n','21\r\n',24,7,6),(1018,'Abacate\r\n','Avocado\r\n','Avoccadu\r\n','Avocadu\r\n',1,1,7),(1019,'Abacaxi\r\n','Pineapple\r\n','Pineaplei\r\n','Pineaple\r\n',1,2,7),(1020,'Açaí\r\n','Palm\r\n','Pallme\r\n','Palme\r\n',1,3,7),(1021,'Acerola\r\n','Acerola\r\n','Accerolla\r\n','Accerola\r\n',1,4,7),(1022,'Ameixa\r\n','Plum\r\n','Pllun\r\n','Plun\r\n',1,5,7),(1023,'Amêndoa\r\n','Almond\r\n','Allmonde\r\n','Almonde\r\n',1,6,7),(1024,'Amora\r\n','Blackberry\r\n','Blackbere\r\n','Blackbery\r\n',1,7,7),(1025,'Araçá\r\n','Araçá\r\n','Arracçá\r\n','Arraçá\r\n',2,1,7),(1026,'Avelã\r\n','Hazelmut\r\n','Hazellmute\r\n','Hazelmute\r\n',2,2,7),(1027,'Banana\r\n','Banana\r\n','Bannanna\r\n','Bananna\r\n',2,3,7),(1028,'Cacau\r\n','Cacao\r\n','Caçau\r\n','Caçao\r\n',2,4,7),(1029,'Cajá\r\n','Hog Plum\r\n','Hug Plun\r\n','Hog Plun\r\n',2,5,7),(1030,'Cajú\r\n','Cashew\r\n','Casshee\r\n','Casshew\r\n',2,6,7),(1031,'Caqui\r\n','Persimmon\r\n','Persemon\r\n','Persimon\r\n',2,7,7),(1032,'Carambola\r\n','Star fruit\r\n','Star fruth\r\n','Star frut\r\n',3,1,7),(1033,'Castanhas\r\n','Chestnuts\r\n','Chestnuthes\r\n','Chestnutes\r\n',3,2,7),(1034,'Cereja\r\n','Cherry\r\n','Cherys\r\n','Chery\r\n',3,3,7),(1035,'Coco\r\n','Coconut\r\n','Coconnute\r\n','Coconute\r\n',3,4,7),(1036,'Condessa\r\n','Condessa\r\n','Condeças\r\n','Condeça\r\n',3,5,7),(1037,'Damasco\r\n','Dansan Plum\r\n','Dansam Plun\r\n','Dansan Plun\r\n',3,6,7),(1038,'Figo\r\n','Fig\r\n','Fighu\r\n','Figh\r\n',3,7,7),(1039,'Framboesa\r\n','Raspberry\r\n','Raspberrhi\r\n','Raspberri\r\n',4,1,7),(1040,'Goiaba\r\n','Guava\r\n','Guavhas\r\n','Guavha\r\n',4,2,7),(1041,'Graviola\r\n','Soursop\r\n','Sourshops\r\n','Sourshop\r\n',4,3,7),(1042,'Groselha\r\n','Currant\r\n','Currantye\r\n','Currante\r\n',4,4,7),(1043,'Guaraná\r\n','Guaraná\r\n','Guarannáh\r\n','Guaranná\r\n',4,5,7),(1044,'Jaboticaba\r\n','Jabuticaba\r\n','Jabuthycaba\r\n','Jabuthicaba\r\n',4,6,7),(1045,'Jaca\r\n','Jack fruit\r\n','Jacck fruith\r\n','Jack fruith\r\n',4,7,7),(1046,'Kiwi\r\n','Kiwi\r\n','Kiwhy\r\n','Kiwhi\r\n',5,1,7),(1047,'Laranja\r\n','Orange\r\n','Orangers\r\n','Oranger\r\n',5,2,7),(1048,'Lichia\r\n','Lichia\r\n','Lichye\r\n','Lichya\r\n',5,3,7),(1049,'Limão\r\n','Lemon\r\n','Lemmom\r\n','Lemom\r\n',5,4,7),(1050,'Maçã\r\n','Apple\r\n','Aphle\r\n','Aple\r\n',5,5,7),(1051,'Mamão\r\n','Papaya\r\n','Papahia\r\n','Papaia\r\n',5,6,7),(1052,'Manga\r\n','Mango\r\n','Mangha\r\n','Mangho\r\n',5,7,7),(1053,'Maracujá\r\n','Passion\r\n','Passhyon\r\n','Passyon\r\n',6,1,7),(1054,'Marmelo\r\n','Quince\r\n','Quincehr\r\n','Quinceh\r\n',6,2,7),(1055,'Melancia\r\n','Watermelon\r\n','Watermelhom\r\n','Watermelhon\r\n',6,3,7),(1056,'Melão\r\n','Melon\r\n','Melhom\r\n','Melom\r\n',6,4,7),(1057,'Morango\r\n','Strawberry\r\n','Strawberhy\r\n','Strawbery\r\n',6,5,7),(1058,'Pequi\r\n','Pequi\r\n','Pequhy\r\n','Pequy\r\n',6,6,7),(1059,'Pêra\r\n','Pear\r\n','Peeahr\r\n','Peear\r\n',6,7,7),(1060,'Pêssego\r\n','Peach\r\n','Pearche\r\n','Peache\r\n',7,1,7),(1061,'Pinhão\r\n','Nut\r\n','Nuthe\r\n','Nuth\r\n',7,2,7),(1062,'Pistache\r\n','Pistachio\r\n','Pistacheo\r\n','Pistachi\r\n',7,3,7),(1063,'Pitanga\r\n','Pitanga\r\n','PYtangha\r\n','Pitangha\r\n',7,4,7),(1064,'Romã\r\n','Rome\r\n','Romãh \r\n','Romã\r\n',7,5,7),(1065,'Seriguela\r\n','Red Monbin\r\n','Red Monbem\r\n','Red Monben\r\n',7,6,7),(1066,'Tamarindo\r\n','Tamarind\r\n','Thamarindo \r\n','Tamarindo\r\n',7,7,7),(1067,'Uva\r\n','Grape\r\n','Graphy\r\n','Graphe\r\n',8,1,7),(1068,'Camiseta\r\n','T-Shirt\r\n','T-Shirthy\r\n','T-Shirty\r\n',8,2,7),(1069,'Blusa\r\n','Blouse\r\n','Blhuse\r\n','Bluse\r\n',8,3,7),(1070,'Jaqueta\r\n','Jacket\r\n','Jaccketh\r\n','Jaccket\r\n',8,4,7),(1071,'Blusa de frio\r\n','Sweater\r\n','Swether\r\n','Sweather\r\n',8,5,7),(1072,'Gravata\r\n','Tie\r\n','Thye\r\n','Tye\r\n',8,6,7),(1073,'Terno\r\n','Suit\r\n','Suithe\r\n','Suith\r\n',8,7,7),(1074,'Saia\r\n','Skirt\r\n','Skirthe\r\n','Skirth\r\n',9,1,7),(1075,'Vestido\r\n','Dress\r\n','Dresy\r\n','Dres\r\n',9,2,7),(1076,'Calça\r\n','Pants\r\n','Panthes\r\n','Panths\r\n',9,3,7),(1077,'Calção\r\n','Shorts\r\n','Shoorths\r\n','Shoorts\r\n',9,4,7),(1078,'Roupão\r\n','Bathrobe\r\n','Bathrobhy\r\n','Bathrob\r\n',9,5,7),(1079,'Pijama\r\n','Pajamas\r\n','Pijamash\r\n','Pijamas\r\n',9,6,7),(1080,'Camisola\r\n','Nightgown\r\n','Nightgowohn\r\n','Nightgowhn\r\n',9,7,7),(1081,'Meias\r\n','Socks\r\n','Sockhes\r\n','Sochks\r\n',10,1,7),(1082,'Meia-calça\r\n','Pants hose\r\n','Panths hosse\r\n','Panths hose\r\n',10,2,7),(1083,'Cueca, Calcinha\r\n','Underwear\r\n','Undarwer\r\n','Underwer\r\n',10,3,7),(1084,'Casaco\r\n','Coat\r\n','Coathe\r\n','Coath\r\n',10,4,7),(1085,'Capa de Chuva\r\n','Raincoat\r\n','Rayncoath\r\n','Rayncoat\r\n',10,5,7),(1086,'Sapatos\r\n','Shoes\r\n','Shosees\r\n','Shoess\r\n',10,6,7),(1087,'Sandálias\r\n','Sandals\r\n','Sandalyes\r\n','Sandalys\r\n',10,7,7),(1088,'Botas\r\n','Boots\r\n','Botess\r\n','Bots\r\n',11,1,7),(1089,'Chapéu\r\n','Hat\r\n','Rath\r\n','Had\r\n',11,2,7),(1090,'Boina\r\n','Beret\r\n','Berrety\r\n','Berety\r\n',11,3,7),(1091,'Cachecol\r\n','Scarf\r\n','Scarfhe\r\n','Scarfh\r\n',11,4,7),(1092,'Carteira\r\n','Wallet\r\n','Waleth\r\n','Walet\r\n',11,5,7),(1093,'Cinta\r\n','Girdle\r\n','Girdlhey\r\n','Girdlhe\r\n',11,6,7),(1094,'Gorro, boné\r\n','Cap\r\n','Caphe\r\n','Caph\r\n',11,7,7),(1095,'Luvas\r\n','Gloves\r\n','Glovhess\r\n','Glovess\r\n',12,1,7),(1096,'Sobretudo\r\n','Overcoat\r\n','Overcoathe\r\n','Overcoath\r\n',12,2,7),(1097,'Sutiã\r\n','Brassiere\r\n','Brasierre\r\n','Brasiere\r\n',12,3,7),(1098,'Uniforme\r\n','Uniform\r\n','Unifhorme\r\n','Unifhorm\r\n',12,4,7),(1099,'Fivela do cinto\r\n','Buckle\r\n','Buchles\r\n','Buchle\r\n',12,5,7),(1100,'Botão\r\n','Button\r\n','Butthom\r\n','Buttom\r\n',12,6,7),(1101,'Protetor de orelha\r\n','Earmuff\r\n','Earmufhe\r\n','Earmufh\r\n',12,7,7),(1102,'Capacete\r\n','Helmet\r\n','Helmethy\r\n','Helmeth\r\n',13,1,7),(1103,'Bolso\r\n','Pocket\r\n','Pochkety\r\n','Pochket\r\n',13,2,7),(1104,'Chinelo\r\n','Slipper\r\n','Slipher\r\n','Slippher\r\n',13,3,7),(1105,'Um cabide\r\n','A hanger\r\n','A hangher\r\n','A hange\r\n',13,4,7),(1106,'Sala de estar\r\n','Living room\r\n','Livin roon\r\n','Living roon\r\n',13,5,7),(1107,'Sala de jantar\r\n','Dining room\r\n','Dinin roon\r\n','Dining roon\r\n',13,6,7),(1108,'Cozinha\r\n','kitchen\r\n','Kittchem\r\n','Kitchem\r\n',13,7,7),(1109,'Quarto\r\n','Bedroom\r\n','Bedron\r\n','Bedroon\r\n',14,1,7),(1110,'Guarda-roupa\r\n','Closet\r\n','Clooseth\r\n','Closeth\r\n',14,2,7),(1111,'Banheiro\r\n','Bathroom\r\n','Bathron\r\n','Bathrom\r\n',14,3,7),(1112,'Garagem\r\n','Garage\r\n','Garragen\r\n','Garrage\r\n',14,4,7),(1113,'Escritório\r\n','Office\r\n','Oficce\r\n','Ofice\r\n',14,5,7),(1114,'Jardim\r\n','Garden\r\n','Gardhem\r\n','Gardem\r\n',14,6,7),(1115,'Escada\r\n','Stairway\r\n','Stairwehy\r\n','Stairwey\r\n',14,7,7),(1116,'Sacada\r\n','Balcony\r\n','Balconhe\r\n','Balconh\r\n',15,1,7),(1117,'Corredor\r\n','Lobby\r\n','Lobye\r\n','Loby\r\n',15,2,7),(1118,'Primeiro andar\r\n','First floor\r\n','Firsth flor\r\n','Firsth floor\r\n',15,3,7),(1119,'Segundo andar\r\n','Second floor\r\n','Secondh flor\r\n','Secondh floor\r\n',15,4,7),(1120,'Andar superior\r\n','Upstairs\r\n','Upsthair\r\n','Upstair\r\n',15,5,7),(1121,'Andar inferior\r\n','Downstairs\r\n','Downsthair\r\n','Downsthairs\r\n',15,6,7),(1122,'Telhado\r\n','Roof\r\n','Rofh\r\n','Roofh\r\n',15,7,7),(1123,'Interfone\r\n','Intercom\r\n','Inthercon\r\n','Intercon\r\n',16,1,7),(1124,'Cama\r\n','Bed\r\n','Bedhe\r\n','Bedh\r\n',16,2,7),(1125,'Mesa\r\n','Table\r\n','Tabblet\r\n','Tablet\r\n',16,3,7),(1126,'Bigorna\r\n','Anvil\r\n','Amvill\r\n','Anvill\r\n',16,4,7),(1127,'Machado\r\n','Axe\r\n','Ahxee\r\n','Ahxe\r\n',16,5,7),(1128,'Corta-Vergalhão\r\n','Bolt Cutter\r\n','Bolt Cuther\r\n','Bolt Cuter\r\n',16,6,7),(1129,'Arco de pua\r\n','Brace\r\n','Braccy\r\n','Bracce\r\n',16,7,7),(1130,'Motosserra\r\n','Chainsaw\r\n','Chainsawhs\r\n','Chainsawh\r\n',17,1,7),(1131,'Furadeira\r\n','Drill\r\n','Drilh\r\n','Dril\r\n',17,2,7),(1132,'Broca\r\n','Drill bit\r\n','Drilh bit\r\n','Dril bit\r\n',17,3,7),(1133,'Esmeril\r\n','Grinding machine\r\n','Grinding mashiny\r\n','Grinding mashine\r\n',17,4,7),(1134,'Martelo\r\n','Hammer\r\n','Hanmher\r\n','Hanmer\r\n',17,5,7),(1135,'Serrote\r\n','Hand saw\r\n','Hand sar\r\n','Hand sau\r\n',17,6,7),(1136,'Enchada\r\n','Hoe\r\n','Hoehs\r\n','Hoes\r\n',17,7,7),(1137,'Prego\r\n','Nail\r\n','Naieh\r\n','Naiel\r\n',18,1,7),(1138,'Porca\r\n','Nut\r\n','Nuthe\r\n','Nuth\r\n',18,2,7),(1139,'Canivete\r\n','Penknife\r\n','Penkniff\r\n','Penknif\r\n',18,3,7),(1140,'Picareta\r\n','Pickaxe\r\n','Pickaxhy\r\n','Pickaxh\r\n',18,4,7),(1141,'Chave de grifo\r\n','Pipe wrench\r\n','Pipe wrenchye\r\n','Pipe wrenche\r\n',18,5,7),(1142,'Alicate\r\n','Pliers\r\n','Plierehs\r\n','Plieres\r\n',18,6,7),(1143,'Régua\r\n','Ruler\r\n','Rullerh\r\n','Ruller\r\n',18,7,7),(1144,'Serra\r\n','Saw\r\n','Sawho\r\n','Sawh\r\n',19,1,7),(1145,'Tesoura\r\n','Scissors\r\n','Schissorss\r\n','Scissorss\r\n',19,2,7),(1146,'Chave de fenda\r\n','Screwdriver\r\n','Screwdrhivery\r\n','Screwdrhiver\r\n',19,3,7),(1147,'Pá\r\n','Shovel\r\n','Shoveell\r\n','Shovell\r\n',19,4,7),(1148,'Foice\r\n','Sickle\r\n','Sicklles\r\n','Sicklle\r\n',19,5,7),(1149,'Chave inglesa\r\n','Wrench\r\n','Wrennchy\r\n','Wrennch\r\n',19,6,7),(1150,'Jacaré\r\n','Alligator\r\n','Aligathor\r\n','Alligathor\r\n',19,7,7),(1151,'Formiga \r\n','Ant\r\n','Antye\r\n','Anty\r\n',20,1,7),(1152,'Tamanduá\r\n','Anteater\r\n','Anthearers\r\n','Anthearer\r\n',20,2,7),(1153,'Antílope\r\n','Antelope\r\n','Antíloper\r\n','Antílope\r\n',20,3,7),(1154,'Asno\r\n','Ass\r\n','Asno\r\n','Asso\r\n',20,4,7),(1155,'Morcego (asno, burro)\r\n','Bat\r\n','Bathy\r\n','Bath\r\n',20,5,7),(1156,'Urso\r\n','Bear\r\n','Beearh\r\n','Beear\r\n',20,6,7),(1157,'Castor\r\n','Beaver\r\n','Beaveerh\r\n','Beaveer\r\n',20,7,7),(1158,'Abelha\r\n','Bee\r\n','Biee\r\n','Bie\r\n',21,1,7),(1159,'Besouro\r\n','Beetle\r\n','Beethler\r\n','Beethle\r\n',21,2,7),(1160,'Pássarro\r\n','Bird\r\n','Birdhy\r\n','Birdy\r\n',21,3,7),(1161,'Bisão\r\n','Bison\r\n','Bissom\r\n','Bisom\r\n',21,4,7),(1162,'Coelhinho\r\n','Bunny\r\n','Bumni\r\n','Bunni\r\n',21,5,7),(1163,'Borboleta\r\n','Butterfly\r\n','Buterflhy\r\n','Butherfly\r\n',21,6,7),(1164,'Galinha\r\n','Chicken\r\n','Chickeem\r\n','Chickem\r\n',21,7,7),(1165,'Barata\r\n','Cockroach\r\n','Cockroashy\r\n','Cockroash\r\n',22,1,7),(1166,'Vaca\r\n','Cow\r\n','Cowwb\r\n','Cowb\r\n',22,2,7),(1167,'Caranguejo\r\n','Crab\r\n','Crabby\r\n','Crabb\r\n',22,3,7),(1168,'Dinossauro\r\n','Dinosaur\r\n','Dinossaurs\r\n','Dinossaur\r\n',22,4,7),(1169,'Golfinho\r\n','Dolphin\r\n','Dollphim\r\n','Dolphim\r\n',22,5,7),(1170,'Burro\r\n','Donkey\r\n','Donnkeyh\r\n','Donnkey\r\n',22,6,7),(1171,'Águia\r\n','Eagle\r\n','Eaggles\r\n','Eaggle\r\n',22,7,7),(1172,'Elefante\r\n','Elephant\r\n','Elefhamnt\r\n','Elefhamt\r\n',23,1,7),(1173,'Vagalume\r\n','Firefly\r\n','Firerflyi\r\n','Firerfly\r\n',23,2,7),(1174,'Grilo\r\n','Grasshoper\r\n','Grashopper\r\n','Grashoper\r\n',23,3,7),(1175,'Falcão\r\n','Hawk\r\n','Hawnkh\r\n','Hawnk\r\n',23,4,7),(1176,'Ouriço\r\n','Hedgehog\r\n','Hedgeehsog\r\n','Hedgeehog\r\n',23,5,7),(1177,'Hipopótamo\r\n','Hippopotamus\r\n','Hipopottamus\r\n','Hipopotamus\r\n',23,6,7),(1178,'Leoa\r\n','lioness\r\n','Liones\r\n','Lion\r\n',23,7,7),(1179,'Lagosta\r\n','Lobster\r\n','Lobsshter\r\n','Lobsster\r\n',24,1,7),(1180,'Macaco\r\n','Monkey\r\n','Monkkey\r\n','Monkkey\r\n',24,2,7),(1181,'Polvo\r\n','Octopus\r\n','Octhoppus\r\n','Octoppus\r\n',24,3,7),(1182,'Avestruz\r\n','Ostrich\r\n','Osttricch\r\n','Osttrich\r\n',24,4,7),(1183,'Coruja\r\n','Ownlet\r\n','Ownllett\r\n','Ownllet\r\n',24,5,7),(1184,'Pavão\r\n','Peacock\r\n','Peaccochk\r\n','Peaccock\r\n',24,6,7),(1185,'Rinoceronte\r\n','Rhinoceros\r\n','Rhinoncerros','Rhinocerros\r\n',24,7,7),(4663,'O correto é\r\n','Ideia\r\n','Idéa\r\n','Idéia\r\n',1,1,8),(4664,'O correto é\r\n','Boia\r\n','Boía\r\n','Bóia\r\n',1,2,8),(4665,'O correto é\r\n','Asteroide\r\n','Asteróede\r\n','Asteróide\r\n',1,3,8),(4666,'O correto é\r\n','Coreia\r\n','Corea\r\n','Coréia\r\n',1,4,8),(4667,'O correto é\r\n','Plateia \r\n','Platéa\r\n','Platéia\r\n',1,5,8),(4668,'O correto é\r\n','Assembleia\r\n','Assembléa\r\n','Assembléia\r\n',1,6,8),(4669,'O correto é\r\n','Heroico \r\n','Heroíco\r\n','Heróico\r\n',1,7,8),(4670,'O correto é\r\n','Estreia \r\n','Estréa\r\n','Estréia\r\n',2,1,8),(4671,'O correto é\r\n','Paranoia\r\n','Paranoía\r\n','Paranóia\r\n',2,2,8),(4672,'O Correto é\r\n','Europeia\r\n','Européa\r\n','Européia\r\n',2,3,8),(4673,'O correto é\r\n','Apoio \r\n','Apoío\r\n','Apóio\r\n',2,4,8),(4674,'O correto é\r\n','Jiboia \r\n','Jiboía\r\n','Jibóia\r\n',2,5,8),(4675,'O correto é\r\n','Joia \r\n','Joía\r\n','Jóia\r\n',2,6,8),(4676,'O correto é\r\n','Creem\r\n','Creêm\r\n','Crêem\r\n',2,7,8),(4677,'O correto é\r\n','Leem\r\n','Leêm\r\n','Lêem\r\n',3,1,8),(4678,'O correto é\r\n','Deem\r\n','Deêm\r\n','Dêem\r\n',3,2,8),(4679,'O correto é\r\n','Veem\r\n','Veêm\r\n','Vêem\r\n',3,3,8),(4680,'O correto é\r\n','Preveem\r\n','Preveêm\r\n','Prevêem\r\n',3,4,8),(4681,'O correto é\r\n','Enjoo\r\n','Enjoô\r\n','Enjôo\r\n',3,5,8),(4682,'O correto é\r\n','Voos\r\n','Voôs\r\n','Vôos\r\n',3,6,8),(4683,'O correto é\r\n','Baiuca\r\n','Baiüca\r\n','Baiúca\r\n',3,7,8),(4684,'O correto é\r\n','Bocaiuva\r\n','Bocaiüva\r\n','Bocaiúva\r\n',4,1,8),(4685,'O Correto é\r\n','Feiura\r\n','Feiüra\r\n','Feiúra\r\n',4,2,8),(4686,'O correto é\r\n','Pelo\r\n','Pëlo\r\n','Pêlo\r\n',4,3,8),(4687,'O correto\r\n','Para\r\n','Pära\r\n','Pára\r\n',4,4,8),(4688,'O correto é\r\n','Polo\r\n','Pölo\r\n','pólo\r\n',4,5,8),(4689,'O correto é\r\n','Pera\r\n','Përa\r\n','Pêra\r\n',4,6,8),(4690,'O correto é\r\n','Coa\r\n','Cöa\r\n','Côa\r\n',4,7,8),(4691,'O correto é\r\n','Averigue\r\n','Averigüe\r\n','Averigúe\r\n',5,1,8),(4692,'O Correto é\r\n','Apazigue\r\n','Apazigüe\r\n','Apazigúe\r\n',5,2,8),(4693,'O correto é\r\n','Ele argui\r\n','Ele argüi\r\n','Ele argúi\r\n',5,3,8),(4694,'O Correto é\r\n','Enxague você\r\n','Enxagúe voce\r\n','Enxagúe você\r\n',5,4,8),(4695,'O correto é\r\n','Extraescolar\r\n','Êxtra-escolar \r\n','Extra-escolar\r\n',5,5,8),(4696,'O Correto é\r\n','Aeroespacial\r\n','Aeroe-spacial\r\n','Aero-espacial\r\n',5,6,8),(4697,'O correto é\r\n','Autoestrada\r\n','Autoe-strada\r\n','Auto-estrada\r\n',5,7,8),(4698,'O correto é\r\n','Antirreligioso\r\n','Antir-religioso\r\n','Anti-religioso\r\n',6,1,8),(4699,'O correto é\r\n','Antissemita\r\n','Antis-semita\r\n','Anti-semita\r\n',6,2,8),(4700,'O correto é\r\n','Contrarregra\r\n','Contrar-regra\r\n','Contra-regra\r\n',6,3,8),(4701,'O correto é\r\n','Infrassom\r\n','Infras-som\r\n','Infra-som\r\n',6,4,8),(4702,'O correto é\r\n','Frequente\r\n','Freqüénte\r\n','Freqüente\r\n',6,5,8),(4703,'O correto é\r\n','Linguiça\r\n','Lingüíça\r\n','Lingüiça\r\n',6,6,8),(4704,'O correto é\r\n','Sequestro\r\n','Seqëéstro\r\n','Seqüestro\r\n',6,7,8),(4705,'O correto é\r\n','Aguentar\r\n','O correto é\r\n','Agüentar\r\n',7,1,8),(4706,'Agüêntar\r\n','Arguir\r\n','Argüír\r\n','Argüir\r\n',7,2,8),(4707,'O correto é\r\n','Bilíngue\r\n','Bilingüe\r\n','Bilíngüe\r\n',7,3,8),(4708,'O correto é\r\n','Cinquenta\r\n','Cinqüênta\r\n','Cinqüenta\r\n',7,4,8),(4709,'O correto é\r\n','Delinquente\r\n','Delinqüênte\r\n','Delinqüente\r\n',7,5,8),(4710,'O correto é\r\n','Eloquente\r\n','Eloqüênte\r\n','Eloqüente\r\n',7,6,8),(4711,'O correto é\r\n','Ensanguentado\r\n','Ensangüêntado\r\n','Ensangüentado\r\n',7,7,8),(4712,'O correto é\r\n','Equestre\r\n','Eqüéstre\r\n','Eqüestre\r\n',8,1,8),(4713,'O correto é\r\n','Frequente\r\n','Freqüênte\r\n','Freqüente\r\n',8,2,8),(4714,'Lingueta\r\n','Lingüeta\r\n','O correto é\r\n','Lingüêta\r\n',8,3,8),(4715,'Linguiça\r\n','Lingüiça\r\n','O correto é\r\n','Lingüíça\r\n',8,4,8),(4716,'Quinquênio\r\n','Qüinqüênio\r\n','O correto é\r\n','Quinqüenio\r\n',8,5,8),(4717,'Sagui\r\n','Sagüi\r\n','O correto é\r\n','Sagüí\r\n',8,6,8),(4718,'Sequência\r\n','Seqüência\r\n','O correto é\r\n','Seqüencia\r\n',8,7,8),(4719,'Sequestro\r\n','Seqüestro\r\n','O correto é\r\n','Seqüéstro\r\n',9,1,8),(4720,'Tranquilo\r\n','Tranqüilo\r\n','O correto é\r\n','Tranqüílo\r\n',9,2,8),(4721,'Müller\r\n','Muller\r\n','O correto é\r\n','Mûller\r\n',9,3,8),(4722,'Alcaloide\r\n','Alcalóide\r\n','O correto é\r\n','Alcalôide\r\n',9,4,8),(4723,'Alcateia\r\n','Alcatéia\r\n','O correto é\r\n','Alcatêia\r\n',9,5,8),(4724,'Androide\r\n','Andróide\r\n','O correto é\r\n','Andrôide\r\n',9,6,8),(4725,'Apoia\r\n','Apóia\r\n','O correto é\r\n','Apôia\r\n',9,7,8),(4726,'Apoio\r\n','Apóio\r\n','O correto é\r\n','Apôio\r\n',10,1,8),(4727,'Asteroide \r\n','Asteróide\r\n','O correto é\r\n','Asterôide\r\n',10,2,8),(4728,'Boia\r\n','Bóia\r\n','O correto é\r\n','Bôia\r\n',10,3,8),(4729,'Celuloide\r\n','Celulóide\r\n','O correto é\r\n','Celulôide\r\n',10,4,8),(4730,'Claraboia\r\n','Clarabóia\r\n','O correto é\r\n','Clarabôia\r\n',10,5,8),(4731,'Colmeia\r\n','Colméia\r\n','O correto é\r\n','Colmêia\r\n',10,6,8),(4732,'Coreia\r\n','Coréia\r\n','O correto é\r\n','Coreía\r\n',10,7,8),(4733,'Debiloide\r\n','Debilóide\r\n','O correto é\r\n','Debilôide\r\n',11,1,8),(4734,'Epopeia\r\n','Epopéia\r\n','O correto é\r\n','Epopeía\r\n',11,2,8),(4735,'Estoico\r\n','Estóico\r\n','O correto é\r\n','Estôico\r\n',11,3,8),(4736,'Estreia\r\n','Estréia\r\n','O correto é\r\n','Estreía\r\n',11,4,8),(4737,'Estreio\r\n','Estréio\r\n','O correto é\r\n','Estreío\r\n',11,5,8),(4738,'Geleia \r\n','Geléia\r\n','O correto é\r\n','Geleía\r\n',11,6,8),(4739,'Heroico\r\n','Heróico\r\n','O correto é\r\n','Heroíco\r\n',11,7,8),(4740,'Ideia \r\n','Idéia\r\n','O correto é\r\n','Ideía\r\n',12,1,8),(4741,'Jiboia\r\n','Jibóia\r\n','O correto é\r\n','Jiboía\r\n',12,2,8),(4742,'Joia\r\n','Jóia\r\n','O correto é\r\n','Joía\r\n',12,3,8),(4743,'Odisseia\r\n','Odisséia\r\n','O correto é\r\n','Odisseía\r\n',12,4,8),(4744,'Paranoia \r\n','Paranóia\r\n','O correto é\r\n','Paranoía\r\n',12,5,8),(4745,'Paranoico\r\n','Paranóico\r\n','O correto é\r\n','Paranoíco\r\n',12,6,8),(4746,'Plateia\r\n','Platéia\r\n','O correto é\r\n','Plateía\r\n',12,7,8),(4747,'Tramoia\r\n','Tramóia\r\n','O correto é\r\n','Tramoía\r\n',13,1,8),(4748,'Papéis\r\n','Papeis\r\n','O correto é\r\n','Papeís\r\n',13,2,8),(4749,'Herói\r\n','Heroi\r\n','O correto é\r\n','Heroí\r\n',13,3,8),(4750,'Heróis\r\n','Herois\r\n','O correto é\r\n','Heroís\r\n',13,4,8),(4751,'Dói\r\n','Doi\r\n','O correto é\r\n','Doí\r\n',13,5,8),(4752,'Sóis\r\n','Sois\r\n','O correto é\r\n','Soís\r\n',13,6,8),(4753,'Além-mar\r\n','Alem-mar\r\n','O corrreto é\r\n','Alen-mar\r\n',13,7,8),(4754,'Além-túmulo\r\n','Alem-túmulo\r\n','O correto é\r\n','Alem-tumulo\r\n',14,1,8),(4755,'Aquém-mar\r\n','Aquem-mar\r\n','O correto é\r\n','Aquen-mar\r\n',14,2,8),(4756,'Ex-aluno\r\n','Es-aluno\r\n','O correto é\r\n','Eis-aluno\r\n',14,3,8),(4757,'Ex-diretor\r\n','Es-diretor\r\n','O Correto é\r\n','Eis-diretor\r\n',14,4,8),(4758,'Ex-hospedeiro\r\n','Es-hospedeiro\r\n','O correto é\r\n','Eis-hospedeiro\r\n',14,5,8),(4759,'Ex-prefeito\r\n','Es-prefeito\r\n','O correto é\r\n','Eis-prefeito\r\n',14,6,8),(4760,'Ex-presidente\r\n','Es-presidente\r\n','O correto é\r\n','Eis-presidente\r\n',14,7,8),(4761,'Pós-graduação\r\n','Pos-graduação\r\n','O correto é\r\n','Pos graduação\r\n',15,1,8),(4762,'Pré-história\r\n','Pre-história\r\n','O correto é\r\n','Pre-historia\r\n',15,2,8),(4763,'Pré-vestibular\r\n','Pre-vestibular\r\n','O correto é\r\n','Pre vestibular\r\n',15,3,8),(4764,'Pró-europeu\r\n','Pro-europeu\r\n','O correto é\r\n','Pro europeu\r\n',15,4,8),(4765,'Recém-casado\r\n','Recem-casado\r\n','O correto é\r\n','Recen-casado\r\n',15,5,8),(4766,'Recém-nascido\r\n','Recem-nascido\r\n','O correto é\r\n','Recen-nascido\r\n',15,6,8),(4767,'Sem-terra\r\n','Sém-terra\r\n','O correto é\r\n','Sén-terra\r\n',15,7,8),(4768,'Vice-rei\r\n','Více-rei\r\n','O correto é\r\n','Více rei\r\n',16,1,8),(4769,'Guarda-chuva\r\n','Guardachuva\r\n','O correto é\r\n','Guardachüva\r\n',16,2,8),(4770,'Arco-íris\r\n','Arcoíris\r\n','O corrreto é\r\n','Arcoiris\r\n',16,3,8),(4771,'Boa-fé\r\n','Boafé\r\n','O correto é\r\n','Boate\r\n',16,4,8),(4772,'Segunda-feira\r\n','Segundafeira\r\n','O correto é\r\n','Segündafeira\r\n',16,5,8),(4773,'Mesa-redonda\r\n','Mesaredonda\r\n','O correto é\r\n','Mesaredônda\r\n',16,6,8),(4774,'Vaga-lume\r\n','Vagalume\r\n','O correto é\r\n','Vagalüme\r\n',16,7,8),(4775,'João-ninguém\r\n','João ninguém\r\n','O correto é\r\n','João ninguem\r\n',17,1,8),(4776,'Porta-malas\r\n','Porta malas\r\n','O correto é\r\n','Porta málas\r\n',17,2,8),(4777,'Porta-bandeira\r\n','Porta bandeira\r\n','O correto é\r\n','Porta bandêira\r\n',17,3,8),(4778,'Pão-duro\r\n','Pão duro\r\n','O correto é\r\n','Pao duro\r\n',17,4,8),(4779,'Bate-boca\r\n','Bate boca\r\n','O correto é\r\n','Bate bôca\r\n',17,5,8),(4780,'Girassol\r\n','Gira-sol\r\n','O correto é\r\n','Gira-ssol\r\n',17,6,8),(4781,'Madressilva\r\n','Madre-silva\r\n','O correto é\r\n','Madrê-silva\r\n',17,7,8),(4782,'Mandachuva\r\n','Manda-chuva\r\n','O correto é\r\n','Manda-chüva\r\n',18,1,8),(4783,'Pontapé\r\n','Ponta-pé\r\n','O correto é\r\n','Ponta-pe\r\n',18,2,8),(4784,'Paraquedas\r\n','Para-quedas\r\n','O correto é\r\n','Para-qüedas\r\n',18,3,8),(4785,'Paraquedistas\r\n','Para-quedistas\r\n','O correto é\r\n','Para-qüedistas\r\n',18,4,8),(4786,'Paraquedismo\r\n','Para-quedismo\r\n','O correto é\r\n','Para-qüedismo\r\n',18,5,8),(4787,'O correto é\r\n','Tico-tico\r\n','Tico tíco\r\n','Tico tico\r\n',18,6,8),(4788,'O correto é\r\n','Pingue-pongue\r\n','Pingue pôngue\r\n','Pingue pongue\r\n',18,7,8),(4789,'O correto é\r\n','Tique-taque\r\n','Tique táque\r\n','Tique taque\r\n',19,1,8),(4790,'O correto é\r\n','Zigue-zague\r\n','Zigue zágue\r\n','Zigue zague\r\n',19,2,8),(4791,'O correto é\r\n','Pé de moleque\r\n','Pe-de-moleque\r\n','Pe de moleque\r\n',19,3,8),(4792,'O correto é\r\n','Pé de vento\r\n','Pe-de-vento\r\n','Pe de vento\r\n',19,4,8),(4793,'O correto é\r\n','Pai de todos\r\n','Pai-de-todos\r\n','Pai dê todos\r\n',19,5,8),(4794,'O correto é\r\n','Dia a dia\r\n','Dia-a-dia\r\n','Día a dia\r\n',19,6,8),(4795,'O correto é\r\n','Fim de semana\r\n','Fim-dê-semana\r\n','Fim dê semana\r\n',19,7,8),(4796,'O correto é\r\n','Camisa de força\r\n','Camisa-de-força\r\n','Camisa deforça\r\n',20,1,8),(4797,'O correto é\r\n','Cara de pau\r\n','Cara-de-paú\r\n','Cara de paú\r\n',20,2,8),(4798,'O correto é\r\n','Olho de sogra\r\n','Olho-de-sogra\r\n','Olho desogra\r\n',20,3,8),(4799,'O correto é\r\n','Maria vai com as outras\r\n','Maria vái-com-as-outras\r\n','Maria vái com as outras\r\n',20,4,8),(4800,'O correto é\r\n','Água-de-colônia\r\n','Água de colônia\r\n','Agua-de-colônia\r\n',20,5,8),(4801,'O correto é\r\n','Arco-da-velha\r\n','Arco da velha\r\n','Árco-da-velha\r\n',20,6,8),(4802,'O correto é\r\n','Cor-de-rosa\r\n','Côr de rosa\r\n','Côr-de-rosa\r\n',20,7,8),(4803,'O correto é\r\n','Mais-que-perfeito\r\n','Mais que perfêito\r\n','Mais-que-perfêito\r\n',21,1,8),(4804,'O correto é\r\n','Pé-de-meia\r\n','Pe de meia\r\n','Pe-de-meia\r\n',21,2,8),(4805,'O correto é\r\n','Ao deus-dará\r\n','Ao deus dara\r\n','Ao deus-dara\r\n',21,3,8),(4806,'O correto é\r\n','À queima-roupa\r\n','À queima roúpa\r\n','À queima roupa\r\n',21,4,8),(4807,'O correto é\r\n','Gota-d\'água\r\n','Gota d\'agua\r\n','Gota-d\'agua\r\n',21,5,8),(4808,'O correto é\r\n','Pé-d\'água\r\n','Pe d\'água\r\n','Pe-d\'água\r\n',21,6,8),(4809,'O correto é\r\n','Belo-horizontino\r\n','Belo horizontíno\r\n','Belo horizontino\r\n',21,7,8),(4810,'O correto é\r\n','Porto-alegrense\r\n','Porto alegrênse\r\n','Porto alegrense\r\n',22,1,8),(4811,'O correto é\r\n','Mato-grossense-do-sul\r\n','Mato grossense do sul\r\n','Mato-grossense do sul\r\n',22,2,8),(4812,'O correto é\r\n','Rio-grandense-do-norte\r\n','Rio grandense do norte\r\n','Rio-grandense do norte\r\n',22,3,8),(4813,'O correto é\r\n','Sul-africano\r\n','Sulafricâno\r\n','Sul africano\r\n',22,4,8),(4814,'O correto é\r\n','Bem-te-vi\r\n','Bem te ví\r\n','Bem te vi\r\n',22,5,8),(4815,'O correto é\r\n','Peixe-espada\r\n','Peixe espáda\r\n','Peixe espada\r\n',22,6,8),(4816,'O correto é\r\n','Peixe-do-paraíso\r\n','Peixe do paraiso\r\n','Peixe do paraíso\r\n',22,7,8),(4817,'O correto é\r\n','Mico-leão-dourado\r\n','Mico leao dourado\r\n','Mico leão dourado\r\n',23,1,8),(4818,'O correto é\r\n','Andorinha-da-serra\r\n','Andorínha da serra\r\n','Andorinha da serra\r\n',23,2,8),(4819,'O corrreto é\r\n','Lebre-da-patagônia\r\n','Lebre da patagonia\r\n','Lebre da patagônia\r\n',23,3,8),(4820,'O correto é\r\n','Erva-doce\r\n','Erva doçe\r\n','Erva doce\r\n',23,4,8),(4821,'O correto é\r\n','Ervilha-de-cheiro\r\n','Ervílha de cheiro\r\n','Ervilha de cheiro\r\n',23,5,8),(4822,'O correto é\r\n','Pimenta-do-reino\r\n','Pimenta do rêino\r\n','Pimenta do reino\r\n',23,6,8),(4823,'O correto é\r\n','Peroba-do-campo\r\n','Peróba do campo\r\n','Peroba do campo\r\n',23,7,8),(4824,'O correto é\r\n','Cravo-da-índia\r\n','Cravo da india\r\n','Cravo da índia\r\n',24,1,8),(4825,'O correto é\r\n','Tuiuiú\r\n','Tuiüiü\r\n','Tuiuiu\r\n',24,2,8),(4826,'O correto é\r\n','Piauí\r\n','Piaüi\r\n','Piaui\r\n',24,3,8),(4827,'O correto é\r\n','Ponte Rio-Niterói\r\n','Ponte Rio Niteroi\r\n','Ponte Rio Niterói\r\n',24,4,8),(4828,'O correto é\r\n','Eixo Rio-São Paulo\r\n','Eixo Rio São-Paulo\r\n','Eixo Rio São Paulo\r\n',24,5,8),(4829,'O correto é\r\n','Anti-higiênico\r\n','Anti higienico\r\n','Anti higiênico\r\n',24,6,8),(4830,'O correto é\r\n','Anti-histórico\r\n','Anti historico','Anti histórico\r\n',24,7,8);
/*!40000 ALTER TABLE `perguntas` ENABLE KEYS */;
UNLOCK TABLES;

--
-- Table structure for table `resposta`
--

DROP TABLE IF EXISTS `resposta`;
/*!40101 SET @saved_cs_client     = @@character_set_client */;
/*!40101 SET character_set_client = utf8 */;
CREATE TABLE `resposta` (
  `id` int(11) NOT NULL AUTO_INCREMENT,
  `id_topic` int(11) NOT NULL,
  `data` int(11) NOT NULL,
  `autor` int(11) NOT NULL,
  `msg` varchar(5000) COLLATE utf8_unicode_ci NOT NULL,
  PRIMARY KEY (`id`)
) ENGINE=InnoDB DEFAULT CHARSET=utf8 COLLATE=utf8_unicode_ci;
/*!40101 SET character_set_client = @saved_cs_client */;

--
-- Dumping data for table `resposta`
--

LOCK TABLES `resposta` WRITE;
/*!40000 ALTER TABLE `resposta` DISABLE KEYS */;
/*!40000 ALTER TABLE `resposta` ENABLE KEYS */;
UNLOCK TABLES;

--
-- Table structure for table `topico`
--

DROP TABLE IF EXISTS `topico`;
/*!40101 SET @saved_cs_client     = @@character_set_client */;
/*!40101 SET character_set_client = utf8 */;
CREATE TABLE `topico` (
  `id` int(11) NOT NULL AUTO_INCREMENT,
  `titulo` varchar(200) COLLATE utf8_unicode_ci NOT NULL,
  `autor` int(11) NOT NULL,
  `data` int(11) NOT NULL,
  `lido` int(11) NOT NULL,
  `msg` varchar(5000) COLLATE utf8_unicode_ci NOT NULL,
  PRIMARY KEY (`id`)
) ENGINE=InnoDB DEFAULT CHARSET=utf8 COLLATE=utf8_unicode_ci;
/*!40101 SET character_set_client = @saved_cs_client */;

--
-- Dumping data for table `topico`
--

LOCK TABLES `topico` WRITE;
/*!40000 ALTER TABLE `topico` DISABLE KEYS */;
/*!40000 ALTER TABLE `topico` ENABLE KEYS */;
UNLOCK TABLES;
/*!40103 SET TIME_ZONE=@OLD_TIME_ZONE */;

/*!40101 SET SQL_MODE=@OLD_SQL_MODE */;
/*!40014 SET FOREIGN_KEY_CHECKS=@OLD_FOREIGN_KEY_CHECKS */;
/*!40014 SET UNIQUE_CHECKS=@OLD_UNIQUE_CHECKS */;
/*!40101 SET CHARACTER_SET_CLIENT=@OLD_CHARACTER_SET_CLIENT */;
/*!40101 SET CHARACTER_SET_RESULTS=@OLD_CHARACTER_SET_RESULTS */;
/*!40101 SET COLLATION_CONNECTION=@OLD_COLLATION_CONNECTION */;
/*!40111 SET SQL_NOTES=@OLD_SQL_NOTES */;

-- Dump completed on 2015-07-23 16:39:09
